{
  "type": "FeatureCollection",
  "features": [
    {
      "type": "Feature",
      "id": "heliponto.13496",
      "geometry": {
        "type": "Point",
        "coordinates": [
          328441.2564,
          7390285.325
        ]
      },
      "geometry_name": "ge_ponto",
      "properties": {
        "cd_identificador_heliponto": 13496,
        "cd_processo_administrativo_heliponto": "2010-0.174.567-8",
        "nm_empreendimento_heliponto": "Heliponto Birmann 29/Cond. Ed. Antonio Alves Ferreira Guedes",
        "tp_logradouro_heliponto": "Avenida",
        "nm_logradouro_heliponto": "Brigadeiro Faria Lima",
        "nr_endereco_heliponto": 3729,
        "nr_complementar_endereco_heliponto": null,
        "tx_complementar_endereco_heliponto": null,
        "nm_distrito_municipal": "ITAIM BIBI",
        "tx_endereco_heliponto": "SDDH",
        "cd_parecer_tecnico": "013/CADES/2012",
        "cd_parecer_decont": "014/DECONT-2/GTAIA/2012",
        "dt_publicacao_diario_oficial": "2012-04-25Z",
        "tx_link_diario_oficial": "https://www.imprensaoficial.com.br/Certificacao/Certificador.aspx?link=%2f2012%2fdiario%2520oficial%2520cidade%2520de%2520sao%2520paulo%2fabril%2f25%2fpag_0072_C9D7RI93V4SD0e2K2R583V6SPGH.pdf&pagina=72&data=25/04/2012&caderno=Di%C3%A1rio%20Oficial%20Cidade%20de%20S%C3%A3o%20Paulo",
        "st_deferimento_processo_administrativo": "Deferido",
        "qt_ciclo_vespertino": 0,
        "qt_ciclo_diurno": 4,
        "qt_total_ciclo_permitido": 4,
        "tx_observacao_heliponto": null
      }
    },
    {
      "type": "Feature",
      "id": "heliponto.13497",
      "geometry": {
        "type": "Point",
        "coordinates": [
          327992.1128,
          7390032.5316
        ]
      },
      "geometry_name": "ge_ponto",
      "properties": {
        "cd_identificador_heliponto": 13497,
        "cd_processo_administrativo_heliponto": "2015-0.125.574-2",
        "nm_empreendimento_heliponto": "Heliponto Condomínio Edifício Spazio JK- SDEL",
        "tp_logradouro_heliponto": "Avenida",
        "nm_logradouro_heliponto": "Presidente Juscelino Kubitschek",
        "nr_endereco_heliponto": 1726,
        "nr_complementar_endereco_heliponto": null,
        "tx_complementar_endereco_heliponto": null,
        "nm_distrito_municipal": "ITAIM BIBI",
        "tx_endereco_heliponto": "SDEL",
        "cd_parecer_tecnico": "012/CADES/2016",
        "cd_parecer_decont": "005/DECONT-2/GTAIA/2016",
        "dt_publicacao_diario_oficial": "2016-04-07Z",
        "tx_link_diario_oficial": "https://www.imprensaoficial.com.br/Certificacao/Certificador.aspx?link=%2f2016%2fdiario%2520oficial%2520cidade%2520de%2520sao%2520paulo%2fabril%2f07%2fpag_0022_8FAG84RA8T1KMe1BDNRCVBE1LV7.pdf&pagina=22&data=07/04/2016&caderno=Di%C3%A1rio%20Oficial%20Cidade%20de%20S%C3%A3o%20Paulo",
        "st_deferimento_processo_administrativo": "Deferido",
        "qt_ciclo_vespertino": 0,
        "qt_ciclo_diurno": 2,
        "qt_total_ciclo_permitido": 2,
        "tx_observacao_heliponto": null
      }
    },
    {
      "type": "Feature",
      "id": "heliponto.13498",
      "geometry": {
        "type": "Point",
        "coordinates": [
          326931.9904,
          7391755.043
        ]
      },
      "geometry_name": "ge_ponto",
      "properties": {
        "cd_identificador_heliponto": 13498,
        "cd_processo_administrativo_heliponto": "6027.2018/0004544-5",
        "nm_empreendimento_heliponto": "Heliponto Privado Quadra Hungria",
        "tp_logradouro_heliponto": "Rua",
        "nm_logradouro_heliponto": "Hungria",
        "nr_endereco_heliponto": 1400,
        "nr_complementar_endereco_heliponto": null,
        "tx_complementar_endereco_heliponto": null,
        "nm_distrito_municipal": "PINHEIROS",
        "tx_endereco_heliponto": "SJGM",
        "cd_parecer_tecnico": "002/CADES/2021",
        "cd_parecer_decont": "SVMA/CLA/DAIA/GTH Nº 002",
        "dt_publicacao_diario_oficial": "2021-06-02Z",
        "tx_link_diario_oficial": "https://www.imprensaoficial.com.br/Certificacao/Certificador.aspx?link=%2f2021%2fdiario+oficial+cidade+de+sao+paulo%2fjunho%2f03%2fpag_0020_dc7dbbfe5be73237f517bd16752d7ead.pdf&pagina=20&data=03/06/2021&caderno=Di%C3%A1rio%20Oficial%20Cidade%20de%20S%C3%A3o%20Paulo",
        "st_deferimento_processo_administrativo": "Deferido",
        "qt_ciclo_vespertino": 1,
        "qt_ciclo_diurno": 1,
        "qt_total_ciclo_permitido": 2,
        "tx_observacao_heliponto": null
      }
    },
    {
      "type": "Feature",
      "id": "heliponto.13499",
      "geometry": {
        "type": "Point",
        "coordinates": [
          331104.012,
          7393304.7706
        ]
      },
      "geometry_name": "ge_ponto",
      "properties": {
        "cd_identificador_heliponto": 13499,
        "cd_processo_administrativo_heliponto": "2011-0.151.329-9",
        "nm_empreendimento_heliponto": "Heliponto Banco Bradesco",
        "tp_logradouro_heliponto": "Rua",
        "nm_logradouro_heliponto": "Itapeva",
        "nr_endereco_heliponto": 782,
        "nr_complementar_endereco_heliponto": null,
        "tx_complementar_endereco_heliponto": null,
        "nm_distrito_municipal": "BELA VISTA",
        "tx_endereco_heliponto": "SDMT",
        "cd_parecer_tecnico": "039/CADES/2015",
        "cd_parecer_decont": "199/DECONT-2/GTAIA/2015",
        "dt_publicacao_diario_oficial": "2015-12-23Z",
        "tx_link_diario_oficial": "https://www.imprensaoficial.com.br/Certificacao/Certificador.aspx?link=%2f2015%2fdiario%2520oficial%2520cidade%2520de%2520sao%2520paulo%2fdezembro%2f23%2fpag_0029_6J0AR4J4OTRBTe0UHH4LHKAQSFI.pdf&pagina=29&data=23/12/2015&caderno=Di%C3%A1rio%20Oficial%20Cidade%20de%20S%C3%A3o%20Paulo",
        "st_deferimento_processo_administrativo": "Indeferido",
        "qt_ciclo_vespertino": 0,
        "qt_ciclo_diurno": 0,
        "qt_total_ciclo_permitido": 0,
        "tx_observacao_heliponto": null
      }
    },
    {
      "type": "Feature",
      "id": "heliponto.13500",
      "geometry": {
        "type": "Point",
        "coordinates": [
          328027.5326,
          7389327.6972
        ]
      },
      "geometry_name": "ge_ponto",
      "properties": {
        "cd_identificador_heliponto": 13500,
        "cd_processo_administrativo_heliponto": "2017-0.097.249-5",
        "nm_empreendimento_heliponto": "Heliponto DJY",
        "tp_logradouro_heliponto": "Rua",
        "nm_logradouro_heliponto": "Lourenço Marques",
        "nr_endereco_heliponto": 158,
        "nr_complementar_endereco_heliponto": null,
        "tx_complementar_endereco_heliponto": null,
        "nm_distrito_municipal": "ITAIM BIBI",
        "tx_endereco_heliponto": "SDFM",
        "cd_parecer_tecnico": "012/CADES/2017",
        "cd_parecer_decont": "080/DECONT-2/GTAIA/2017",
        "dt_publicacao_diario_oficial": "2017-09-15Z",
        "tx_link_diario_oficial": "https://www.imprensaoficial.com.br/DO/BuscaDO2001Documento_11_4.aspx?link=%2f2017%2fdiario%2520oficial%2520cidade%2520de%2520sao%2520paulo%2fsetembro%2f15%2fpag_0020_91FMTDH7FCOQHe1UJRAFHV6TOQI.pdf&pagina=20&data=15/09/2017&caderno=Di%C3%A1rio%20Oficial%20Cidade%20de%20S%C3%A3o%20Paulo&paginaordenacao=100020",
        "st_deferimento_processo_administrativo": "Indeferido",
        "qt_ciclo_vespertino": 0,
        "qt_ciclo_diurno": 0,
        "qt_total_ciclo_permitido": 0,
        "tx_observacao_heliponto": null
      }
    },
    {
      "type": "Feature",
      "id": "heliponto.13501",
      "geometry": {
        "type": "Point",
        "coordinates": [
          326359.9834,
          7387150.1958
        ]
      },
      "geometry_name": "ge_ponto",
      "properties": {
        "cd_identificador_heliponto": 13501,
        "cd_processo_administrativo_heliponto": "2017-0.110.010-6",
        "nm_empreendimento_heliponto": "Heliponto Edifício Tek Nações Unidas",
        "tp_logradouro_heliponto": "Rua",
        "nm_logradouro_heliponto": "Francisco Tramontano",
        "nr_endereco_heliponto": 100,
        "nr_complementar_endereco_heliponto": null,
        "tx_complementar_endereco_heliponto": null,
        "nm_distrito_municipal": "MORUMBI",
        "tx_endereco_heliponto": "SWNX",
        "cd_parecer_tecnico": "015/CADES/2019",
        "cd_parecer_decont": "036/DECONT-2/GTA-H/2018",
        "dt_publicacao_diario_oficial": "2019-06-05Z",
        "tx_link_diario_oficial": "https://www.imprensaoficial.com.br/Certificacao/Certificador.aspx?link=%2f2019%2fdiario%2520oficial%2520cidade%2520de%2520sao%2520paulo%2fjunho%2f05%2fpag_0027_37752f2185088abe0767fb74a0948b8f.pdf&pagina=27&data=05/06/2019&caderno=Di%C3%A1rio%20Oficial%20Cidade%20de%20S%C3%A3o%20Paulo",
        "st_deferimento_processo_administrativo": "Deferido",
        "qt_ciclo_vespertino": 0,
        "qt_ciclo_diurno": 3,
        "qt_total_ciclo_permitido": 3,
        "tx_observacao_heliponto": null
      }
    },
    {
      "type": "Feature",
      "id": "heliponto.13502",
      "geometry": {
        "type": "Point",
        "coordinates": [
          325413.1685,
          7391179.3788
        ]
      },
      "geometry_name": "ge_ponto",
      "properties": {
        "cd_identificador_heliponto": 13502,
        "cd_processo_administrativo_heliponto": "2016-0.057.489-7",
        "nm_empreendimento_heliponto": "Heliponto HSM - Morumbi",
        "tp_logradouro_heliponto": "Avenida",
        "nm_logradouro_heliponto": "Professor Francisco Morato",
        "nr_endereco_heliponto": 1133,
        "nr_complementar_endereco_heliponto": null,
        "tx_complementar_endereco_heliponto": null,
        "nm_distrito_municipal": "MORUMBI",
        "tx_endereco_heliponto": null,
        "cd_parecer_tecnico": "022/CADES/2016",
        "cd_parecer_decont": "119/DECONT-2/GTAIA/2016",
        "dt_publicacao_diario_oficial": "2016-11-02Z",
        "tx_link_diario_oficial": "https://www.imprensaoficial.com.br/Certificacao/Certificador.aspx?link=%2f2016%2fdiario%2520oficial%2520cidade%2520de%2520sao%2520paulo%2fnovembro%2f02%2fpag_0031_1DTHKPCNIG479e9DP5FUGQQL34F.pdf&pagina=31&data=02/11/2016&caderno=Di%C3%A1rio%20Oficial%20Cidade%20de%20S%C3%A3o%20Paulo",
        "st_deferimento_processo_administrativo": "Indeferido",
        "qt_ciclo_vespertino": 0,
        "qt_ciclo_diurno": 0,
        "qt_total_ciclo_permitido": 0,
        "tx_observacao_heliponto": "RECURSO / Georreferenciado pelo projeto"
      }
    },
    {
      "type": "Feature",
      "id": "heliponto.13503",
      "geometry": {
        "type": "Point",
        "coordinates": [
          331688.0155,
          7391307.1269
        ]
      },
      "geometry_name": "ge_ponto",
      "properties": {
        "cd_identificador_heliponto": 13503,
        "cd_processo_administrativo_heliponto": "2012-0.170.154-2",
        "nm_empreendimento_heliponto": "Heliponto IBM Brasil",
        "tp_logradouro_heliponto": "Rua",
        "nm_logradouro_heliponto": "Tutóia",
        "nr_endereco_heliponto": 1157,
        "nr_complementar_endereco_heliponto": null,
        "tx_complementar_endereco_heliponto": null,
        "nm_distrito_municipal": "VILA MARIANA",
        "tx_endereco_heliponto": "SSTO",
        "cd_parecer_tecnico": "033/CADES/2012",
        "cd_parecer_decont": "048/DECONT-2/GTAIA/2012",
        "dt_publicacao_diario_oficial": "2012-09-11Z",
        "tx_link_diario_oficial": "https://www.imprensaoficial.com.br/Certificacao/Certificador.aspx?link=%2f2012%2fdiario%2520oficial%2520cidade%2520de%2520sao%2520paulo%2fsetembro%2f11%2fpag_0079_B8F6GIGOGC47Ne88BQA12A5NSK7.pdf&pagina=79&data=11/09/2012&caderno=Di%C3%A1rio%20Oficial%20Cidade%20de%20S%C3%A3o%20Paulo",
        "st_deferimento_processo_administrativo": "Indeferido",
        "qt_ciclo_vespertino": 0,
        "qt_ciclo_diurno": 0,
        "qt_total_ciclo_permitido": 0,
        "tx_observacao_heliponto": null
      }
    },
    {
      "type": "Feature",
      "id": "heliponto.13504",
      "geometry": {
        "type": "Point",
        "coordinates": [
          328164.6864,
          7389516.3579
        ]
      },
      "geometry_name": "ge_ponto",
      "properties": {
        "cd_identificador_heliponto": 13504,
        "cd_processo_administrativo_heliponto": "2015-0.163.087-0",
        "nm_empreendimento_heliponto": "Heliponto Condomínio Continental Square",
        "tp_logradouro_heliponto": "Rua",
        "nm_logradouro_heliponto": "das Olimpíadas",
        "nr_endereco_heliponto": 205,
        "nr_complementar_endereco_heliponto": null,
        "tx_complementar_endereco_heliponto": null,
        "nm_distrito_municipal": "ITAIM BIBI",
        "tx_endereco_heliponto": "SSCS",
        "cd_parecer_tecnico": "031/CADES/2015",
        "cd_parecer_decont": "027/DECONT-2/GTAIA/2015",
        "dt_publicacao_diario_oficial": "2015-12-23Z",
        "tx_link_diario_oficial": "https://www.imprensaoficial.com.br/Certificacao/Certificador.aspx?link=%2f2015%2fdiario%2520oficial%2520cidade%2520de%2520sao%2520paulo%2fdezembro%2f23%2fpag_0027_0UO6BFJSJR1RGe5EOEIOF04PE0F.pdf&pagina=27&data=23/12/2015&caderno=Di%C3%A1rio%20Oficial%20Cidade%20de%20S%C3%A3o%20Paulo",
        "st_deferimento_processo_administrativo": "Indeferido",
        "qt_ciclo_vespertino": 0,
        "qt_ciclo_diurno": 0,
        "qt_total_ciclo_permitido": 0,
        "tx_observacao_heliponto": null
      }
    },
    {
      "type": "Feature",
      "id": "heliponto.13505",
      "geometry": {
        "type": "Point",
        "coordinates": [
          349167.7323,
          7395465.8411
        ]
      },
      "geometry_name": "ge_ponto",
      "properties": {
        "cd_identificador_heliponto": 13505,
        "cd_processo_administrativo_heliponto": "6027.2020/0011324-0",
        "nm_empreendimento_heliponto": "Heliponto Arena Fundo de Investimento Imobiliário Sport Club Corinthians Paulista",
        "tp_logradouro_heliponto": "Avenida",
        "nm_logradouro_heliponto": "Miguel Ignácio Curi",
        "nr_endereco_heliponto": 111,
        "nr_complementar_endereco_heliponto": null,
        "tx_complementar_endereco_heliponto": null,
        "nm_distrito_municipal": "ARTUR ALVIM",
        "tx_endereco_heliponto": null,
        "cd_parecer_tecnico": "008/CADES/2021",
        "cd_parecer_decont": "010/DAIA/GTH/2021",
        "dt_publicacao_diario_oficial": "2021-10-20Z",
        "tx_link_diario_oficial": "https://www.imprensaoficial.com.br/Certificacao/Certificador.aspx?link=%2f2021%2fdiario%2520oficial%2520cidade%2520de%2520sao%2520paulo%2foutubro%2f20%2fpag_0031_8f4361ba1ddfb78096286fa6d9155b7f.pdf&pagina=31&data=20/10/2021&caderno=Di%C3%A1rio%20Oficial%20Cidade%20de%20S%C3%A3o%20Paulo",
        "st_deferimento_processo_administrativo": "Deferido",
        "qt_ciclo_vespertino": 15,
        "qt_ciclo_diurno": 10,
        "qt_total_ciclo_permitido": 25,
        "tx_observacao_heliponto": null
      }
    },
    {
      "type": "Feature",
      "id": "heliponto.13506",
      "geometry": {
        "type": "Point",
        "coordinates": [
          326127.934,
          7386109.422
        ]
      },
      "geometry_name": "ge_ponto",
      "properties": {
        "cd_identificador_heliponto": 13506,
        "cd_processo_administrativo_heliponto": "6027.2020/0008455-0",
        "nm_empreendimento_heliponto": "Heliponto Esther Towers",
        "tp_logradouro_heliponto": "Avenida",
        "nm_logradouro_heliponto": "Mesquita Sampaio",
        "nr_endereco_heliponto": 714,
        "nr_complementar_endereco_heliponto": null,
        "tx_complementar_endereco_heliponto": "Com Dr. Chucri Zaidan",
        "nm_distrito_municipal": "SANTO AMARO",
        "tx_endereco_heliponto": null,
        "cd_parecer_tecnico": "005/CADES/2022",
        "cd_parecer_decont": "001/CLA/DAIA/GTH/2022",
        "dt_publicacao_diario_oficial": "2022-07-27Z",
        "tx_link_diario_oficial": "https://www.imprensaoficial.com.br/Certificacao/Certificador.aspx?link=%2f2022%2fdiario+oficial+cidade+de+sao+paulo%2fjulho%2f28%2fpag_0049_ee6cef782dca004db754ef385bbc1170.pdf&pagina=49&data=28/07/2022&caderno=Di%C3%A1rio%20Oficial%20Cidade%20de%20S%C3%A3o%20Paulo",
        "st_deferimento_processo_administrativo": "Deferido",
        "qt_ciclo_vespertino": 2,
        "qt_ciclo_diurno": 6,
        "qt_total_ciclo_permitido": 8,
        "tx_observacao_heliponto": "Republicado no DOC em 12/08/2022"
      }
    },
    {
      "type": "Feature",
      "id": "heliponto.13507",
      "geometry": {
        "type": "Point",
        "coordinates": [
          326374.4672,
          7386395.0854
        ]
      },
      "geometry_name": "ge_ponto",
      "properties": {
        "cd_identificador_heliponto": 13507,
        "cd_processo_administrativo_heliponto": "2014-0.051.081-0",
        "nm_empreendimento_heliponto": "Heliponto BW1 Morumbi",
        "tp_logradouro_heliponto": "Avenida",
        "nm_logradouro_heliponto": "das Nações Unidas",
        "nr_endereco_heliponto": 14261,
        "nr_complementar_endereco_heliponto": null,
        "tx_complementar_endereco_heliponto": null,
        "nm_distrito_municipal": "SANTO AMARO",
        "tx_endereco_heliponto": null,
        "cd_parecer_tecnico": "030/CADES/2015",
        "cd_parecer_decont": "28/DECONT- 2/2015",
        "dt_publicacao_diario_oficial": "2015-11-10Z",
        "tx_link_diario_oficial": "https://www.imprensaoficial.com.br/Certificacao/Certificador.aspx?link=%2f2015%2fdiario%2520oficial%2520cidade%2520de%2520sao%2520paulo%2fnovembro%2f11%2fpag_0028_8ENALP5F7S96He0OHNFEQ9N30DS.pdf&pagina=28&data=11/11/2015&caderno=Di%C3%A1rio%20Oficial%20Cidade%20de%20S%C3%A3o%20Paulo",
        "st_deferimento_processo_administrativo": "Deferido",
        "qt_ciclo_vespertino": 0,
        "qt_ciclo_diurno": 2,
        "qt_total_ciclo_permitido": 2,
        "tx_observacao_heliponto": null
      }
    },
    {
      "type": "Feature",
      "id": "heliponto.13508",
      "geometry": {
        "type": "Point",
        "coordinates": [
          331277.2706,
          7393832.7123
        ]
      },
      "geometry_name": "ge_ponto",
      "properties": {
        "cd_identificador_heliponto": 13508,
        "cd_processo_administrativo_heliponto": "2011-0.040.590-5",
        "nm_empreendimento_heliponto": "Heliponto Hospital Sírio Libanês II",
        "tp_logradouro_heliponto": "Rua",
        "nm_logradouro_heliponto": "Adma Jafet",
        "nr_endereco_heliponto": 91,
        "nr_complementar_endereco_heliponto": null,
        "tx_complementar_endereco_heliponto": null,
        "nm_distrito_municipal": "BELA VISTA",
        "tx_endereco_heliponto": "SJSL",
        "cd_parecer_tecnico": "020/CADES/2011",
        "cd_parecer_decont": "019/DECONT-2/2011",
        "dt_publicacao_diario_oficial": "2011-07-01Z",
        "tx_link_diario_oficial": "https://www.imprensaoficial.com.br/Certificacao/Certificador.aspx?link=%2f2011%2fdiario%2520oficial%2520cidade%2520de%2520sao%2520paulo%2fjulho%2f01%2fpag_0031_ENLR4709T9QTFe3D5100B8KBIJ6.pdf&pagina=31&data=01/07/2011&caderno=Di%C3%A1rio%20Oficial%20Cidade%20de%20S%C3%A3o%20Paulo",
        "st_deferimento_processo_administrativo": "Deferido",
        "qt_ciclo_vespertino": 0,
        "qt_ciclo_diurno": 25,
        "qt_total_ciclo_permitido": 25,
        "tx_observacao_heliponto": null
      }
    },
    {
      "type": "Feature",
      "id": "heliponto.13509",
      "geometry": {
        "type": "Point",
        "coordinates": [
          328399.1076,
          7399506.0615
        ]
      },
      "geometry_name": "ge_ponto",
      "properties": {
        "cd_identificador_heliponto": 13509,
        "cd_processo_administrativo_heliponto": "6027.2024/0004756-2",
        "nm_empreendimento_heliponto": "Heliponto Privado LIMÃO - SP 0849",
        "tp_logradouro_heliponto": "Rua",
        "nm_logradouro_heliponto": "Maestro Gabriel Migliori",
        "nr_endereco_heliponto": 577,
        "nr_complementar_endereco_heliponto": null,
        "tx_complementar_endereco_heliponto": null,
        "nm_distrito_municipal": "LIMAO",
        "tx_endereco_heliponto": "SWEL",
        "cd_parecer_tecnico": "012/CADES/2025",
        "cd_parecer_decont": "06/DAIA/GTH/2025",
        "dt_publicacao_diario_oficial": "2025-10-07Z",
        "tx_link_diario_oficial": "http://diariooficial.prefeitura.sp.gov.br/md_epubli_visualizar.php?PKE6UM36HtTC7f49ykkFvqcZQppFyEEhcHhcOxX5usa7hmiLgtfr3XU3E-Nq6ytKhEDcADPQRuqSQZFRNCeaLWoIJ_rXivdyE5B3htJERO116FDFfOpG1zAI0ADzHzRG",
        "st_deferimento_processo_administrativo": "Deferido",
        "qt_ciclo_vespertino": 0,
        "qt_ciclo_diurno": 2,
        "qt_total_ciclo_permitido": 2,
        "tx_observacao_heliponto": null
      }
    },
    {
      "type": "Feature",
      "id": "heliponto.13510",
      "geometry": {
        "type": "Point",
        "coordinates": [
          327999.0701,
          7389597.2806
        ]
      },
      "geometry_name": "ge_ponto",
      "properties": {
        "cd_identificador_heliponto": 13510,
        "cd_processo_administrativo_heliponto": "6027.2021/0010786-1",
        "nm_empreendimento_heliponto": "Heliponto Privado “Condominio Edificio Palladio\"",
        "tp_logradouro_heliponto": "Rua",
        "nm_logradouro_heliponto": "Fidêncio Ramos",
        "nr_endereco_heliponto": 223,
        "nr_complementar_endereco_heliponto": null,
        "tx_complementar_endereco_heliponto": null,
        "nm_distrito_municipal": "ITAIM BIBI",
        "tx_endereco_heliponto": "SSYG",
        "cd_parecer_tecnico": "008/CADES/2022",
        "cd_parecer_decont": "004/CLA/DAIA/GTH/2022",
        "dt_publicacao_diario_oficial": "2022-08-11Z",
        "tx_link_diario_oficial": "https://www.imprensaoficial.com.br/Certificacao/Certificador.aspx?link=%2f2022%2fdiario+oficial+cidade+de+sao+paulo%2fagosto%2f12%2fpag_0032_ff75e9fad1fc2e8664afa5bc5ae445ef.pdf&pagina=32&data=12/08/2022&caderno=Di%C3%A1rio%20Oficial%20Cidade%20de%20S%C3%A3o%20Paulo",
        "st_deferimento_processo_administrativo": "Deferido",
        "qt_ciclo_vespertino": 0,
        "qt_ciclo_diurno": 4,
        "qt_total_ciclo_permitido": 4,
        "tx_observacao_heliponto": null
      }
    },
    {
      "type": "Feature",
      "id": "heliponto.13511",
      "geometry": {
        "type": "Point",
        "coordinates": [
          329408.0784,
          7390730.5225
        ]
      },
      "geometry_name": "ge_ponto",
      "properties": {
        "cd_identificador_heliponto": 13511,
        "cd_processo_administrativo_heliponto": "6027.2025/0010584-0",
        "nm_empreendimento_heliponto": "Heliponto Privado JK Square - SP 1332",
        "tp_logradouro_heliponto": "Rua",
        "nm_logradouro_heliponto": "Ibiate",
        "nr_endereco_heliponto": null,
        "nr_complementar_endereco_heliponto": null,
        "tx_complementar_endereco_heliponto": null,
        "nm_distrito_municipal": "ITAIM BIBI",
        "tx_endereco_heliponto": null,
        "cd_parecer_tecnico": "011/CADES/2025",
        "cd_parecer_decont": "005/DAIA/GTH/2025",
        "dt_publicacao_diario_oficial": "2025-10-07Z",
        "tx_link_diario_oficial": "http://diariooficial.prefeitura.sp.gov.br/md_epubli_visualizar.php?wIxEuUvd9x_-kDdG3a6o4MczEaw744ZZr9f1vq5g-47p06KsIvnr3NqWn1PWT3MtDHgRpGuDwIVs928UvSOYE8y5SaDAGzxpW9B8t760L_74q8LqlY1EjeWL6A3L6RGe",
        "st_deferimento_processo_administrativo": "Deferido",
        "qt_ciclo_vespertino": 1,
        "qt_ciclo_diurno": 2,
        "qt_total_ciclo_permitido": 3,
        "tx_observacao_heliponto": null
      }
    },
    {
      "type": "Feature",
      "id": "heliponto.13512",
      "geometry": {
        "type": "Point",
        "coordinates": [
          327825.416,
          7389442.6279
        ]
      },
      "geometry_name": "ge_ponto",
      "properties": {
        "cd_identificador_heliponto": 13512,
        "cd_processo_administrativo_heliponto": "6027.2025/0005314-9",
        "nm_empreendimento_heliponto": "Heliponto Privado CARMO COURI",
        "tp_logradouro_heliponto": "Rua",
        "nm_logradouro_heliponto": "Gomes de Carvalho",
        "nr_endereco_heliponto": 1507,
        "nr_complementar_endereco_heliponto": null,
        "tx_complementar_endereco_heliponto": null,
        "nm_distrito_municipal": "ITAIM BIBI",
        "tx_endereco_heliponto": "SDYA",
        "cd_parecer_tecnico": "018/CADES/2025",
        "cd_parecer_decont": "007/DAIA/GTH/2025",
        "dt_publicacao_diario_oficial": "2025-12-10Z",
        "tx_link_diario_oficial": "http://diariooficial.prefeitura.sp.gov.br/md_epubli_visualizar.php?_2xFPg4jasdTYg3Fw2vEetffhXq6gEScNHI_0Hh5-qBqBAY0cFFd3sEjYWiGk22mx-zPoKFx17rREfvstk-bZUtZ_He0-4CubKhQ8IdPNHlrb_d9Zk-DGka07mzKzMAR",
        "st_deferimento_processo_administrativo": "Deferido",
        "qt_ciclo_vespertino": 0,
        "qt_ciclo_diurno": 6,
        "qt_total_ciclo_permitido": 6,
        "tx_observacao_heliponto": null
      }
    },
    {
      "type": "Feature",
      "id": "heliponto.13513",
      "geometry": {
        "type": "Point",
        "coordinates": [
          329025.9875,
          7390264.0369
        ]
      },
      "geometry_name": "ge_ponto",
      "properties": {
        "cd_identificador_heliponto": 13513,
        "cd_processo_administrativo_heliponto": "2014-0.047.629-8",
        "nm_empreendimento_heliponto": "Heliponto Juscelino Plaza",
        "tp_logradouro_heliponto": "Rua",
        "nm_logradouro_heliponto": "Dr. Eduardo de Souza Aranha",
        "nr_endereco_heliponto": 387,
        "nr_complementar_endereco_heliponto": null,
        "tx_complementar_endereco_heliponto": null,
        "nm_distrito_municipal": "ITAIM BIBI",
        "tx_endereco_heliponto": "SNXJ",
        "cd_parecer_tecnico": "008/CADES/2015",
        "cd_parecer_decont": "037/DECONT-2/GTAIA/2014",
        "dt_publicacao_diario_oficial": "2015-04-25Z",
        "tx_link_diario_oficial": "https://www.imprensaoficial.com.br/Certificacao/Certificador.aspx?link=%2f2015%2fdiario%2520oficial%2520cidade%2520de%2520sao%2520paulo%2fabril%2f25%2fpag_0036_65EEV1TKKF4S7e4K80530JM1E2E.pdf&pagina=36&data=25/04/2015&caderno=Di%C3%A1rio%20Oficial%20Cidade%20de%20S%C3%A3o%20Paulo",
        "st_deferimento_processo_administrativo": "Indeferido",
        "qt_ciclo_vespertino": 0,
        "qt_ciclo_diurno": 0,
        "qt_total_ciclo_permitido": 0,
        "tx_observacao_heliponto": null
      }
    },
    {
      "type": "Feature",
      "id": "heliponto.13514",
      "geometry": {
        "type": "Point",
        "coordinates": [
          327999.0701,
          7389597.2806
        ]
      },
      "geometry_name": "ge_ponto",
      "properties": {
        "cd_identificador_heliponto": 13514,
        "cd_processo_administrativo_heliponto": "2015-0.054.104-0",
        "nm_empreendimento_heliponto": "Heliponto Edifíco Palladio",
        "tp_logradouro_heliponto": "Rua",
        "nm_logradouro_heliponto": "Fidência Ramos",
        "nr_endereco_heliponto": 223,
        "nr_complementar_endereco_heliponto": null,
        "tx_complementar_endereco_heliponto": null,
        "nm_distrito_municipal": "ITAIM BIBI",
        "tx_endereco_heliponto": "SSYG",
        "cd_parecer_tecnico": "027/CADES/2015",
        "cd_parecer_decont": "160/DECONT-2/GTAIA/2015",
        "dt_publicacao_diario_oficial": "2015-11-11Z",
        "tx_link_diario_oficial": "http://www.imprensaoficial.com.br/Certificacao/Certificador.aspx?link=%2f2015%2fdiario%2520oficial%2520cidade%2520de%2520sao%2520paulo%2fnovembro%2f11%2fpag_0027_6E1R48OJ6958Oe0EV4AU1G26NSO.pdf&pagina=27&data=11/11/2015&caderno=Di%C3%A1rio%20Oficial%20Cidade%20de%20S%C3%A3o%20Paulo",
        "st_deferimento_processo_administrativo": "Indeferido",
        "qt_ciclo_vespertino": 0,
        "qt_ciclo_diurno": 0,
        "qt_total_ciclo_permitido": 0,
        "tx_observacao_heliponto": null
      }
    },
    {
      "type": "Feature",
      "id": "heliponto.13515",
      "geometry": {
        "type": "Point",
        "coordinates": [
          328018,
          7389939
        ]
      },
      "geometry_name": "ge_ponto",
      "properties": {
        "cd_identificador_heliponto": 13515,
        "cd_processo_administrativo_heliponto": "2017-0.097.252-5",
        "nm_empreendimento_heliponto": "Heliponto Banco Industrial",
        "tp_logradouro_heliponto": "Avenida",
        "nm_logradouro_heliponto": "Presidente Juscelino Kubitschek",
        "nr_endereco_heliponto": 1703,
        "nr_complementar_endereco_heliponto": null,
        "tx_complementar_endereco_heliponto": null,
        "nm_distrito_municipal": "ITAIM BIBI",
        "tx_endereco_heliponto": "SDAW",
        "cd_parecer_tecnico": "011/CADES/2017",
        "cd_parecer_decont": "079/DECONT-2/GTAIA/2017",
        "dt_publicacao_diario_oficial": "2017-09-15Z",
        "tx_link_diario_oficial": "https://www.imprensaoficial.com.br/DO/BuscaDO2001Documento_11_4.aspx?link=%2f2017%2fdiario%2520oficial%2520cidade%2520de%2520sao%2520paulo%2fsetembro%2f15%2fpag_0021_CM1HG19SJDE1Ue19R5IE19G0U8V.pdf&pagina=21&data=15/09/2017&caderno=Di%C3%A1rio%20Oficial%20Cidade%20de%20S%C3%A3o%20Paulo&paginaordenacao=100021",
        "st_deferimento_processo_administrativo": "Indeferido",
        "qt_ciclo_vespertino": 0,
        "qt_ciclo_diurno": 0,
        "qt_total_ciclo_permitido": 0,
        "tx_observacao_heliponto": null
      }
    },
    {
      "type": "Feature",
      "id": "heliponto.13516",
      "geometry": {
        "type": "Point",
        "coordinates": [
          329782.6604,
          7397687.8736
        ]
      },
      "geometry_name": "ge_ponto",
      "properties": {
        "cd_identificador_heliponto": 13516,
        "cd_processo_administrativo_heliponto": "2010-0.292.342-1",
        "nm_empreendimento_heliponto": "Heliponto Federação Paulista de Futebol",
        "tp_logradouro_heliponto": "Rua",
        "nm_logradouro_heliponto": "Federação Paulista de Futebol",
        "nr_endereco_heliponto": 55,
        "nr_complementar_endereco_heliponto": null,
        "tx_complementar_endereco_heliponto": null,
        "nm_distrito_municipal": "BARRA FUNDA",
        "tx_endereco_heliponto": "SDFV",
        "cd_parecer_tecnico": "018/CADES/2011",
        "cd_parecer_decont": "018/DECONT-2/2011",
        "dt_publicacao_diario_oficial": "2011-07-01Z",
        "tx_link_diario_oficial": "https://www.imprensaoficial.com.br/Certificacao/Certificador.aspx?link=%2f2011%2fdiario%2520oficial%2520cidade%2520de%2520sao%2520paulo%2fjulho%2f01%2fpag_0030_8UJC41OSJIORSe80JAU87VC3FDI.pdf&pagina=30&data=01/07/2011&caderno=Di%C3%A1rio%20Oficial%20Cidade%20de%20S%C3%A3o%20Paulo",
        "st_deferimento_processo_administrativo": "Deferido",
        "qt_ciclo_vespertino": 0,
        "qt_ciclo_diurno": 1,
        "qt_total_ciclo_permitido": 1,
        "tx_observacao_heliponto": null
      }
    },
    {
      "type": "Feature",
      "id": "heliponto.13517",
      "geometry": {
        "type": "Point",
        "coordinates": [
          331128.4188,
          7393102.4022
        ]
      },
      "geometry_name": "ge_ponto",
      "properties": {
        "cd_identificador_heliponto": 13517,
        "cd_processo_administrativo_heliponto": "2011-0.098.855-2",
        "nm_empreendimento_heliponto": "Heliponto Federação das Indústrias do Est. De São Paulo - FIESP",
        "tp_logradouro_heliponto": "Avenida",
        "nm_logradouro_heliponto": "Paulista",
        "nr_endereco_heliponto": 1313,
        "nr_complementar_endereco_heliponto": null,
        "tx_complementar_endereco_heliponto": null,
        "nm_distrito_municipal": "JARDIM PAULISTA",
        "tx_endereco_heliponto": "SDZR",
        "cd_parecer_tecnico": "022/CADES/2011",
        "cd_parecer_decont": "031/DECONT-2/2011",
        "dt_publicacao_diario_oficial": "2011-07-20Z",
        "tx_link_diario_oficial": "https://www.imprensaoficial.com.br/Certificacao/Certificador.aspx?link=%2f2011%2fdiario%2520oficial%2520cidade%2520de%2520sao%2520paulo%2fjulho%2f20%2fpag_0024_5KVI5A3FVT61CeBL550JVB5QQCM.pdf&pagina=24&data=20/07/2011&caderno=Di%C3%A1rio%20Oficial%20Cidade%20de%20S%C3%A3o%20Paulo",
        "st_deferimento_processo_administrativo": "Deferido",
        "qt_ciclo_vespertino": 0,
        "qt_ciclo_diurno": 3,
        "qt_total_ciclo_permitido": 3,
        "tx_observacao_heliponto": null
      }
    },
    {
      "type": "Feature",
      "id": "heliponto.13518",
      "geometry": {
        "type": "Point",
        "coordinates": [
          327892.3489,
          7390081.9253
        ]
      },
      "geometry_name": "ge_ponto",
      "properties": {
        "cd_identificador_heliponto": 13518,
        "cd_processo_administrativo_heliponto": "6027.2018/0004226-8",
        "nm_empreendimento_heliponto": "Heliponto Privado “São Luiz\"",
        "tp_logradouro_heliponto": "Avenida",
        "nm_logradouro_heliponto": "Presidente Juscelino Kubitschek",
        "nr_endereco_heliponto": 1830,
        "nr_complementar_endereco_heliponto": null,
        "tx_complementar_endereco_heliponto": null,
        "nm_distrito_municipal": "ITAIM BIBI",
        "tx_endereco_heliponto": "SDSN",
        "cd_parecer_tecnico": "009/CADES/2022",
        "cd_parecer_decont": "005/CLA/DAIA/GTH/2022",
        "dt_publicacao_diario_oficial": "2022-08-11Z",
        "tx_link_diario_oficial": "https://www.imprensaoficial.com.br/Certificacao/Certificador.aspx?link=%2f2022%2fdiario+oficial+cidade+de+sao+paulo%2fagosto%2f12%2fpag_0033_b196b76d3cb72a0e4921fd7c85faf6c5.pdf&pagina=33&data=12/08/2022&caderno=Di%C3%A1rio%20Oficial%20Cidade%20de%20S%C3%A3o%20Paulo",
        "st_deferimento_processo_administrativo": "Deferido",
        "qt_ciclo_vespertino": 0,
        "qt_ciclo_diurno": 2,
        "qt_total_ciclo_permitido": 2,
        "tx_observacao_heliponto": null
      }
    },
    {
      "type": "Feature",
      "id": "heliponto.13519",
      "geometry": {
        "type": "Point",
        "coordinates": [
          330017.1459,
          7398280.4926
        ]
      },
      "geometry_name": "ge_ponto",
      "properties": {
        "cd_identificador_heliponto": 13519,
        "cd_processo_administrativo_heliponto": "2016-0.176.169-0",
        "nm_empreendimento_heliponto": "Heliponto Brasília Square Offices - Torre B",
        "tp_logradouro_heliponto": "Rua",
        "nm_logradouro_heliponto": "Dr. Ruben Meireles",
        "nr_endereco_heliponto": 380,
        "nr_complementar_endereco_heliponto": null,
        "tx_complementar_endereco_heliponto": null,
        "nm_distrito_municipal": "BARRA FUNDA",
        "tx_endereco_heliponto": null,
        "cd_parecer_tecnico": "005/CADES/2018",
        "cd_parecer_decont": "013/DECONT-2/GTA-H/2018",
        "dt_publicacao_diario_oficial": "2018-07-17Z",
        "tx_link_diario_oficial": "https://www.imprensaoficial.com.br/Certificacao/Certificador.aspx?link=%2f2018%2fdiario%2520oficial%2520cidade%2520de%2520sao%2520paulo%2fjulho%2f17%2fpag_0024_3c07d83ae4d6349fc7d00b0c339e825a.pdf&pagina=24&data=17/07/2018&caderno=Di%C3%A1rio%20Oficial%20Cidade%20de%20S%C3%A3o%20Paulo",
        "st_deferimento_processo_administrativo": "Deferido",
        "qt_ciclo_vespertino": 0,
        "qt_ciclo_diurno": 0,
        "qt_total_ciclo_permitido": 0,
        "tx_observacao_heliponto": "Não consta número de ciclos no DOC"
      }
    },
    {
      "type": "Feature",
      "id": "heliponto.13520",
      "geometry": {
        "type": "Point",
        "coordinates": [
          327173.97,
          7392776.36
        ]
      },
      "geometry_name": "ge_ponto",
      "properties": {
        "cd_identificador_heliponto": 13520,
        "cd_processo_administrativo_heliponto": "6027.2020/0000875-6",
        "nm_empreendimento_heliponto": "Heliponto Privado Faria Lima Plaza",
        "tp_logradouro_heliponto": "Avenida",
        "nm_logradouro_heliponto": "Brigadeiro Faria Lima",
        "nr_endereco_heliponto": 949,
        "nr_complementar_endereco_heliponto": null,
        "tx_complementar_endereco_heliponto": null,
        "nm_distrito_municipal": "PINHEIROS",
        "tx_endereco_heliponto": "",
        "cd_parecer_tecnico": "004/CADES/2021",
        "cd_parecer_decont": "SVMA/CLA/DAIA/GTH Nº 003",
        "dt_publicacao_diario_oficial": "2021-06-02Z",
        "tx_link_diario_oficial": "https://www.imprensaoficial.com.br/Certificacao/Certificador.aspx?link=%2f2021%2fdiario+oficial+cidade+de+sao+paulo%2fjunho%2f03%2fpag_0020_dc7dbbfe5be73237f517bd16752d7ead.pdf&pagina=20&data=03/06/2021&caderno=Di%C3%A1rio%20Oficial%20Cidade%20de%20S%C3%A3o%20Paulo",
        "st_deferimento_processo_administrativo": "Deferido",
        "qt_ciclo_vespertino": 1,
        "qt_ciclo_diurno": 5,
        "qt_total_ciclo_permitido": 6,
        "tx_observacao_heliponto": null
      }
    },
    {
      "type": "Feature",
      "id": "heliponto.13521",
      "geometry": {
        "type": "Point",
        "coordinates": [
          328169,
          7390816
        ]
      },
      "geometry_name": "ge_ponto",
      "properties": {
        "cd_identificador_heliponto": 13521,
        "cd_processo_administrativo_heliponto": "2013-0.016.825-7",
        "nm_empreendimento_heliponto": "Heliponto Edifício Seculum",
        "tp_logradouro_heliponto": "Avenida",
        "nm_logradouro_heliponto": "Brigadeiro Faria Lima",
        "nr_endereco_heliponto": 3144,
        "nr_complementar_endereco_heliponto": null,
        "tx_complementar_endereco_heliponto": null,
        "nm_distrito_municipal": "ITAIM BIBI",
        "tx_endereco_heliponto": "SJZU",
        "cd_parecer_tecnico": "064/CADES/2013",
        "cd_parecer_decont": "033/DECONT-2/GTAIA/2013",
        "dt_publicacao_diario_oficial": "2013-09-11Z",
        "tx_link_diario_oficial": "https://www.imprensaoficial.com.br/Certificacao/Certificador.aspx?link=%2f2015%2fdiario%2520oficial%2520cidade%2520de%2520sao%2520paulo%2fabril%2f25%2fpag_0036_65EEV1TKKF4S7e4K80530JM1E2E.pdf&pagina=36&data=25/04/2015&caderno=Di%C3%A1rio%20Oficial%20Cidade%20de%20S%C3%A3o%20Paulo",
        "st_deferimento_processo_administrativo": "Indeferido",
        "qt_ciclo_vespertino": 0,
        "qt_ciclo_diurno": 0,
        "qt_total_ciclo_permitido": 0,
        "tx_observacao_heliponto": null
      }
    },
    {
      "type": "Feature",
      "id": "heliponto.13522",
      "geometry": {
        "type": "Point",
        "coordinates": [
          328526.1866,
          7390393.6802
        ]
      },
      "geometry_name": "ge_ponto",
      "properties": {
        "cd_identificador_heliponto": 13522,
        "cd_processo_administrativo_heliponto": "2010-0.336.863-4",
        "nm_empreendimento_heliponto": "Heliponto New Century",
        "tp_logradouro_heliponto": "Rua",
        "nm_logradouro_heliponto": "Leopoldo Couto de Magalhães Jr",
        "nr_endereco_heliponto": 758,
        "nr_complementar_endereco_heliponto": null,
        "tx_complementar_endereco_heliponto": null,
        "nm_distrito_municipal": "ITAIM BIBI",
        "tx_endereco_heliponto": "SILF",
        "cd_parecer_tecnico": "016/CADES/2012",
        "cd_parecer_decont": "013/DECONT.2/GTAIA/2012",
        "dt_publicacao_diario_oficial": "2012-04-25Z",
        "tx_link_diario_oficial": "https://www.imprensaoficial.com.br/Certificacao/Certificador.aspx?link=%2f2012%2fdiario%2520oficial%2520cidade%2520de%2520sao%2520paulo%2fabril%2f25%2fpag_0073_DKJPRHPHTL9K4e25UMTKGRLHTIA.pdf&pagina=73&data=25/04/2012&caderno=Di%C3%A1rio%20Oficial%20Cidade%20de%20S%C3%A3o%20Paulo",
        "st_deferimento_processo_administrativo": "Deferido",
        "qt_ciclo_vespertino": 0,
        "qt_ciclo_diurno": 3,
        "qt_total_ciclo_permitido": 3,
        "tx_observacao_heliponto": null
      }
    },
    {
      "type": "Feature",
      "id": "heliponto.13523",
      "geometry": {
        "type": "Point",
        "coordinates": [
          329360.6453,
          7390449.4813
        ]
      },
      "geometry_name": "ge_ponto",
      "properties": {
        "cd_identificador_heliponto": 13523,
        "cd_processo_administrativo_heliponto": "2018-0.088.430-0",
        "nm_empreendimento_heliponto": "Heliponto Edifício Corporate Park",
        "tp_logradouro_heliponto": "Rua",
        "nm_logradouro_heliponto": "Dr. Renato Paes de Barros",
        "nr_endereco_heliponto": 1017,
        "nr_complementar_endereco_heliponto": null,
        "tx_complementar_endereco_heliponto": null,
        "nm_distrito_municipal": "ITAIM BIBI",
        "tx_endereco_heliponto": "SIMM",
        "cd_parecer_tecnico": "008/CADES/2020",
        "cd_parecer_decont": "007/DAIA/GTH/2020",
        "dt_publicacao_diario_oficial": "2020-07-29Z",
        "tx_link_diario_oficial": "https://www.imprensaoficial.com.br/Certificacao/Certificador.aspx?link=%2f2020%2fdiario%2520oficial%2520cidade%2520de%2520sao%2520paulo%2fjulho%2f30%2fpag_0031_b970e2f1da464bb5b9033c5acac822b0.pdf&pagina=31&data=30/07/2020&caderno=Di%C3%A1rio%20Oficial%20Cidade%20de%20S%C3%A3o%20Paulo",
        "st_deferimento_processo_administrativo": "Deferido",
        "qt_ciclo_vespertino": 1,
        "qt_ciclo_diurno": 5,
        "qt_total_ciclo_permitido": 6,
        "tx_observacao_heliponto": ""
      }
    },
    {
      "type": "Feature",
      "id": "heliponto.13524",
      "geometry": {
        "type": "Point",
        "coordinates": [
          330571.6651,
          7388788.881
        ]
      },
      "geometry_name": "ge_ponto",
      "properties": {
        "cd_identificador_heliponto": 13524,
        "cd_processo_administrativo_heliponto": "6027.2020/0009651-5",
        "nm_empreendimento_heliponto": "Heliponto Privado Edifício Edel Trade Center",
        "tp_logradouro_heliponto": "Avenida",
        "nm_logradouro_heliponto": "Ibirapuera",
        "nr_endereco_heliponto": 2033,
        "nr_complementar_endereco_heliponto": null,
        "tx_complementar_endereco_heliponto": null,
        "nm_distrito_municipal": "MOEMA",
        "tx_endereco_heliponto": "SDTC",
        "cd_parecer_tecnico": "009/CADES/2025",
        "cd_parecer_decont": "SVMA/CLA/DAIA/GTH Nº 04/2025",
        "dt_publicacao_diario_oficial": "2025-06-16Z",
        "tx_link_diario_oficial": "https://diariooficial.prefeitura.sp.gov.br/md_epubli_visualizar.php?qD4DL2PesJErFMHFBhe7T7MUm3dmLqC74s5xCg_j9rbp2F9hptbtRYFORpYrQoDgs9ytjKoOGbdEheqJjqDu17h-wX3JXQYPKciClhfA2QQ78QsSVFzVu_DAvgl4MIqu",
        "st_deferimento_processo_administrativo": "Deferido",
        "qt_ciclo_vespertino": 2,
        "qt_ciclo_diurno": 4,
        "qt_total_ciclo_permitido": 6,
        "tx_observacao_heliponto": null
      }
    },
    {
      "type": "Feature",
      "id": "heliponto.13525",
      "geometry": {
        "type": "Point",
        "coordinates": [
          328702.2639,
          7393600.6729
        ]
      },
      "geometry_name": "ge_ponto",
      "properties": {
        "cd_identificador_heliponto": 13525,
        "cd_processo_administrativo_heliponto": "6027.2022/0001301-0",
        "nm_empreendimento_heliponto": "Heliponto Privado \"HBR Corporate Tower Pinheiros\"",
        "tp_logradouro_heliponto": "Rua",
        "nm_logradouro_heliponto": "João Moura",
        "nr_endereco_heliponto": 740,
        "nr_complementar_endereco_heliponto": null,
        "tx_complementar_endereco_heliponto": "com Rua Teodoro Sampaio, 909",
        "nm_distrito_municipal": "JARDIM PAULISTA",
        "tx_endereco_heliponto": null,
        "cd_parecer_tecnico": "002/CADES/2023",
        "cd_parecer_decont": "014/CLA/DAIA/GTH/2022",
        "dt_publicacao_diario_oficial": "2023-02-23Z",
        "tx_link_diario_oficial": "https://www.imprensaoficial.com.br/Certificacao/Certificador.aspx?link=%2f2023%2fdiario+oficial+cidade+de+sao+paulo%2ffevereiro%2f24%2fpag_0043_ee84eb984fbc2faa7bc9ca0963f9cfa8.pdf&pagina=43&data=24/02/2023&caderno=Di%C3%A1rio%20Oficial%20Cidade%20de%20S%C3%A3o%20Paulo",
        "st_deferimento_processo_administrativo": "Indeferido",
        "qt_ciclo_vespertino": 0,
        "qt_ciclo_diurno": 0,
        "qt_total_ciclo_permitido": 0,
        "tx_observacao_heliponto": null
      }
    },
    {
      "type": "Feature",
      "id": "heliponto.13526",
      "geometry": {
        "type": "Point",
        "coordinates": [
          327999.0701,
          7389597.2806
        ]
      },
      "geometry_name": "ge_ponto",
      "properties": {
        "cd_identificador_heliponto": 13526,
        "cd_processo_administrativo_heliponto": "6027.2022/0010238-1",
        "nm_empreendimento_heliponto": "Heliponto Privado \"ATRIUM V\"",
        "tp_logradouro_heliponto": "Rua",
        "nm_logradouro_heliponto": "Fidência Ramos",
        "nr_endereco_heliponto": 195,
        "nr_complementar_endereco_heliponto": null,
        "tx_complementar_endereco_heliponto": null,
        "nm_distrito_municipal": "ITAIM BIBI",
        "tx_endereco_heliponto": "SDTI",
        "cd_parecer_tecnico": "004/CADES/2024",
        "cd_parecer_decont": "PT SVMA/CLA/DAIA/GTH Nº 03/2024",
        "dt_publicacao_diario_oficial": "2024-06-11Z",
        "tx_link_diario_oficial": "https://diariooficial.prefeitura.sp.gov.br/md_epubli_visualizar.php?teC_zrwxaGkMU5Xsbkib9pyF6nGUUOwglmBW0cCtn5-on7Acy5sBbKY83C1Lqm3E3NsG4PZ_MVZ52BW2x8nMtRiBKV6Lk7EQ-vuSs1w6SrLYX0GOeJmFy8bjJmujNeFT",
        "st_deferimento_processo_administrativo": "Deferido",
        "qt_ciclo_vespertino": 0,
        "qt_ciclo_diurno": 2,
        "qt_total_ciclo_permitido": 2,
        "tx_observacao_heliponto": null
      }
    },
    {
      "type": "Feature",
      "id": "heliponto.13527",
      "geometry": {
        "type": "Point",
        "coordinates": [
          328322.3982,
          7390235.3938
        ]
      },
      "geometry_name": "ge_ponto",
      "properties": {
        "cd_identificador_heliponto": 13527,
        "cd_processo_administrativo_heliponto": "6027.2022/0009644-6",
        "nm_empreendimento_heliponto": "Heliponto Privado Birmann 32",
        "tp_logradouro_heliponto": "Avenida",
        "nm_logradouro_heliponto": "Brigadeiro Faria Lima",
        "nr_endereco_heliponto": 3732,
        "nr_complementar_endereco_heliponto": null,
        "tx_complementar_endereco_heliponto": null,
        "nm_distrito_municipal": "ITAIM BIBI",
        "tx_endereco_heliponto": "SN66",
        "cd_parecer_tecnico": "005/CADES/2024",
        "cd_parecer_decont": "PT SVMA/CLA/DAIA/GTH Nº 04",
        "dt_publicacao_diario_oficial": "2024-06-11Z",
        "tx_link_diario_oficial": "https://diariooficial.prefeitura.sp.gov.br/md_epubli_visualizar.php?8hAxXIjzbd6EPKemXOQjEqBunXzTVJZZL34JcM_vSX3wfrWPvDnzSn__nKeyI0vruE2MBGgWrGIl66a9B9GukfiLfK1oyZtqHqhRNYNjiwrWJsKWFzPWATrMJfwYbmNk",
        "st_deferimento_processo_administrativo": "Deferido",
        "qt_ciclo_vespertino": 2,
        "qt_ciclo_diurno": 2,
        "qt_total_ciclo_permitido": 4,
        "tx_observacao_heliponto": null
      }
    },
    {
      "type": "Feature",
      "id": "heliponto.13528",
      "geometry": {
        "type": "Point",
        "coordinates": [
          331697.6,
          7389895.6685
        ]
      },
      "geometry_name": "ge_ponto",
      "properties": {
        "cd_identificador_heliponto": 13528,
        "cd_processo_administrativo_heliponto": "6027.2023/0011091-2",
        "nm_empreendimento_heliponto": "Heliponto Privado Ibirapuera Park Hotel Ltda",
        "tp_logradouro_heliponto": "Rua",
        "nm_logradouro_heliponto": "Sena Madureira",
        "nr_endereco_heliponto": 1355,
        "nr_complementar_endereco_heliponto": null,
        "tx_complementar_endereco_heliponto": null,
        "nm_distrito_municipal": "VILA MARIANA",
        "tx_endereco_heliponto": "SDPL",
        "cd_parecer_tecnico": "006/CADES/2024",
        "cd_parecer_decont": "PT SVMA/CLA/DAIA/GTH Nº 02/2023",
        "dt_publicacao_diario_oficial": "2024-06-11Z",
        "tx_link_diario_oficial": "https://diariooficial.prefeitura.sp.gov.br/md_epubli_visualizar.php?zJuzc5_0w95n8Yc7nuwPJLGXs8alAyd8lG7Q6_53xmayX_Y-qvlhpyOtJnb_YMSbnKmZZ3CEm5tfC7_pRJQakprUcxmrxFC8h8vFfTFFHt7M7TQpzS2xiJVB8HqSEjOk",
        "st_deferimento_processo_administrativo": "Deferido",
        "qt_ciclo_vespertino": 0,
        "qt_ciclo_diurno": 0,
        "qt_total_ciclo_permitido": 0,
        "tx_observacao_heliponto": null
      }
    },
    {
      "type": "Feature",
      "id": "heliponto.13529",
      "geometry": {
        "type": "Point",
        "coordinates": [
          328221.8492,
          7390912.3961
        ]
      },
      "geometry_name": "ge_ponto",
      "properties": {
        "cd_identificador_heliponto": 13529,
        "cd_processo_administrativo_heliponto": "6027.2022/0005474-3",
        "nm_empreendimento_heliponto": "Heliponto Privado Millennium (SP) - SP0431",
        "tp_logradouro_heliponto": "Avenida",
        "nm_logradouro_heliponto": "Brigadeiro Faria Lima",
        "nr_endereco_heliponto": 3015,
        "nr_complementar_endereco_heliponto": null,
        "tx_complementar_endereco_heliponto": null,
        "nm_distrito_municipal": "ITAIM BIBI",
        "tx_endereco_heliponto": "SDUJ",
        "cd_parecer_tecnico": "014/CADES/2023",
        "cd_parecer_decont": "021/CLA/DAIA/GTH/2022",
        "dt_publicacao_diario_oficial": "2023-06-13Z",
        "tx_link_diario_oficial": "https://diariooficial.prefeitura.sp.gov.br/md_epubli_visualizar.php?kHdgtACkKWJxjOVDE7BkQy24RK_w0WYcDMI4xNfLbdnQCZrB7jaF7NbrKuCmYTbR1_nC50sTcOCh_1_yB0IIijJDVNymoOsyCYIAfC-1XaGVAzVJLe-1_1qyG_ECTdf5",
        "st_deferimento_processo_administrativo": "Deferido",
        "qt_ciclo_vespertino": 0,
        "qt_ciclo_diurno": 3,
        "qt_total_ciclo_permitido": 3,
        "tx_observacao_heliponto": null
      }
    },
    {
      "type": "Feature",
      "id": "heliponto.13530",
      "geometry": {
        "type": "Point",
        "coordinates": [
          327773.3263,
          7389968.6513
        ]
      },
      "geometry_name": "ge_ponto",
      "properties": {
        "cd_identificador_heliponto": 13530,
        "cd_processo_administrativo_heliponto": "6027.2021/0013753-1",
        "nm_empreendimento_heliponto": "Heliponto Privado São Paulo Corporate Towers",
        "tp_logradouro_heliponto": "Avenida",
        "nm_logradouro_heliponto": "Presidente Juscelino Kubitschek",
        "nr_endereco_heliponto": 1909,
        "nr_complementar_endereco_heliponto": null,
        "tx_complementar_endereco_heliponto": null,
        "nm_distrito_municipal": "ITAIM BIBI",
        "tx_endereco_heliponto": "SDCY",
        "cd_parecer_tecnico": "012/CADES/2023",
        "cd_parecer_decont": "015/CLA/DAIA/GTH/2022",
        "dt_publicacao_diario_oficial": "2023-06-13Z",
        "tx_link_diario_oficial": "https://diariooficial.prefeitura.sp.gov.br/md_epubli_visualizar.php?kHdgtACkKWJxjOVDE7BkQy24RK_w0WYcDMI4xNfLbdnavMvAxZjx0mDv2D67HQCFvC6RkfZr0st5iMQHv_h6mkx8_Y7JPnJdcXLgo76D5H0xIrolP1GqC46JcKQcJZEL",
        "st_deferimento_processo_administrativo": "Deferido",
        "qt_ciclo_vespertino": 0,
        "qt_ciclo_diurno": 4,
        "qt_total_ciclo_permitido": 4,
        "tx_observacao_heliponto": null
      }
    },
    {
      "type": "Feature",
      "id": "heliponto.13531",
      "geometry": {
        "type": "Point",
        "coordinates": [
          327396.219,
          7392420.123
        ]
      },
      "geometry_name": "ge_ponto",
      "properties": {
        "cd_identificador_heliponto": 13531,
        "cd_processo_administrativo_heliponto": "6027.2022/0005471-9",
        "nm_empreendimento_heliponto": "Heliponto Privado Condomínio Faria Lima - SP0548",
        "tp_logradouro_heliponto": "Avenida",
        "nm_logradouro_heliponto": "Brigadeiro Faria Lima",
        "nr_endereco_heliponto": 1355,
        "nr_complementar_endereco_heliponto": null,
        "tx_complementar_endereco_heliponto": null,
        "nm_distrito_municipal": "PINHEIROS",
        "tx_endereco_heliponto": "SIRZ",
        "cd_parecer_tecnico": "015/CADES/2023",
        "cd_parecer_decont": "020/SVMA/CLA/DAIA/GTH/2022",
        "dt_publicacao_diario_oficial": "2023-06-13Z",
        "tx_link_diario_oficial": "https://diariooficial.prefeitura.sp.gov.br/md_epubli_visualizar.php?kHdgtACkKWJxjOVDE7BkQy24RK_w0WYcDMI4xNfLbdmDWnuJa0-IMvMFZpLYJsTCvMVVLw3kUDiECn6AePoFra3SOwilFQ-aGVQBdzXa1pXdimdtDlhYXmIcsNuGaLpj",
        "st_deferimento_processo_administrativo": "Deferido",
        "qt_ciclo_vespertino": 0,
        "qt_ciclo_diurno": 3,
        "qt_total_ciclo_permitido": 3,
        "tx_observacao_heliponto": null
      }
    },
    {
      "type": "Feature",
      "id": "heliponto.13532",
      "geometry": {
        "type": "Point",
        "coordinates": [
          337978.9907,
          7397220.1611
        ]
      },
      "geometry_name": "ge_ponto",
      "properties": {
        "cd_identificador_heliponto": 13532,
        "cd_processo_administrativo_heliponto": "6027.2021/0007697-4",
        "nm_empreendimento_heliponto": "Heliponto Privado Joli - SP1340",
        "tp_logradouro_heliponto": "Avenida",
        "nm_logradouro_heliponto": "Morvan Dias de Figueiredo",
        "nr_endereco_heliponto": 897,
        "nr_complementar_endereco_heliponto": null,
        "tx_complementar_endereco_heliponto": null,
        "nm_distrito_municipal": "VILA MARIA",
        "tx_endereco_heliponto": null,
        "cd_parecer_tecnico": "016/CADES/2023",
        "cd_parecer_decont": "011/SVMA/CLA/DAIA/GTH/2022",
        "dt_publicacao_diario_oficial": "2023-06-13Z",
        "tx_link_diario_oficial": "https://diariooficial.prefeitura.sp.gov.br/md_epubli_visualizar.php?kHdgtACkKWJxjOVDE7BkQy24RK_w0WYcDMI4xNfLbdmtiOGL8VTSwpBUzAEp2MA5qTbgyzUYz-YKTglk7xXeWPo0AaV7C8DmOs6aGwU2UeEAlTdG423UeIvEuNhSi5YI",
        "st_deferimento_processo_administrativo": "Deferido",
        "qt_ciclo_vespertino": 0,
        "qt_ciclo_diurno": 4,
        "qt_total_ciclo_permitido": 4,
        "tx_observacao_heliponto": null
      }
    },
    {
      "type": "Feature",
      "id": "heliponto.13533",
      "geometry": {
        "type": "Point",
        "coordinates": [
          326172.8387,
          7392044.3697
        ]
      },
      "geometry_name": "ge_ponto",
      "properties": {
        "cd_identificador_heliponto": 13533,
        "cd_processo_administrativo_heliponto": "6027.2021/0001912-1",
        "nm_empreendimento_heliponto": "Heliponto Privado Company (SP) - CIAD SP1280",
        "tp_logradouro_heliponto": "Avenida",
        "nm_logradouro_heliponto": "Eusébio Matoso",
        "nr_endereco_heliponto": 1375,
        "nr_complementar_endereco_heliponto": null,
        "tx_complementar_endereco_heliponto": null,
        "nm_distrito_municipal": "MORUMBI",
        "tx_endereco_heliponto": null,
        "cd_parecer_tecnico": "011/CADES/2023",
        "cd_parecer_decont": "025/CLA/DAIA/GTH/2022",
        "dt_publicacao_diario_oficial": "2023-06-13Z",
        "tx_link_diario_oficial": "https://diariooficial.prefeitura.sp.gov.br/md_epubli_visualizar.php?kHdgtACkKWJxjOVDE7BkQy24RK_w0WYcDMI4xNfLbdk8QPkINtuAFEgbGN98mOHv0ioSWOq8qn6UtN4614ZcmPQYArFILtP660R3mO0BQdYyqUlRgDpqEfNfSFWtneaM",
        "st_deferimento_processo_administrativo": "Deferido",
        "qt_ciclo_vespertino": 0,
        "qt_ciclo_diurno": 3,
        "qt_total_ciclo_permitido": 3,
        "tx_observacao_heliponto": null
      }
    },
    {
      "type": "Feature",
      "id": "heliponto.13534",
      "geometry": {
        "type": "Point",
        "coordinates": [
          324304.1834,
          7384526.2036
        ]
      },
      "geometry_name": "ge_ponto",
      "properties": {
        "cd_identificador_heliponto": 13534,
        "cd_processo_administrativo_heliponto": "6027.2019/0002404-0",
        "nm_empreendimento_heliponto": "Heliponto Privado Torre Sigma",
        "tp_logradouro_heliponto": "Avenida",
        "nm_logradouro_heliponto": "das Nações Unidas",
        "nr_endereco_heliponto": 17007,
        "nr_complementar_endereco_heliponto": null,
        "tx_complementar_endereco_heliponto": null,
        "nm_distrito_municipal": "SANTO AMARO",
        "tx_endereco_heliponto": null,
        "cd_parecer_tecnico": "009/CADES/2023",
        "cd_parecer_decont": "013/SVMA/CLA/DAIA/GTH/2022",
        "dt_publicacao_diario_oficial": "2023-06-13Z",
        "tx_link_diario_oficial": "https://diariooficial.prefeitura.sp.gov.br/md_epubli_visualizar.php?kHdgtACkKWJxjOVDE7BkQy24RK_w0WYcDMI4xNfLbdkRvg-ooit3LbuzjtifixzLerYJ8fM_UxtwrFGhDi6aJU1aIzOH3mt6v32tk3eU8Lw5r4F9R1vWY2wD4QfVSof6",
        "st_deferimento_processo_administrativo": "Deferido",
        "qt_ciclo_vespertino": 1,
        "qt_ciclo_diurno": 8,
        "qt_total_ciclo_permitido": 9,
        "tx_observacao_heliponto": null
      }
    },
    {
      "type": "Feature",
      "id": "heliponto.13535",
      "geometry": {
        "type": "Point",
        "coordinates": [
          331246.961,
          7392971.3028
        ]
      },
      "geometry_name": "ge_ponto",
      "properties": {
        "cd_identificador_heliponto": 13535,
        "cd_processo_administrativo_heliponto": "6027.2020/0011945-0",
        "nm_empreendimento_heliponto": "Heliponto Citibank - SP0306",
        "tp_logradouro_heliponto": "Avenida",
        "nm_logradouro_heliponto": "Paulista",
        "nr_endereco_heliponto": 1111,
        "nr_complementar_endereco_heliponto": null,
        "tx_complementar_endereco_heliponto": null,
        "nm_distrito_municipal": "JARDIM PAULISTA",
        "tx_endereco_heliponto": "SDCV",
        "cd_parecer_tecnico": "017/CADES/2023",
        "cd_parecer_decont": "019/SVMA/CLA/DAIA/GTH/2022",
        "dt_publicacao_diario_oficial": "2023-06-13Z",
        "tx_link_diario_oficial": "https://diariooficial.prefeitura.sp.gov.br/md_epubli_visualizar.php?kHdgtACkKWJxjOVDE7BkQy24RK_w0WYcDMI4xNfLbdnuUNhbNW-ez52uV4x_e5-3TdJ50ol-cnL2P0EX2BtyjXn4mbkRep2RWlBusNKEVN16ToqftQEvhTmweNjVBXHw",
        "st_deferimento_processo_administrativo": "Deferido",
        "qt_ciclo_vespertino": 0,
        "qt_ciclo_diurno": 3,
        "qt_total_ciclo_permitido": 3,
        "tx_observacao_heliponto": null
      }
    },
    {
      "type": "Feature",
      "id": "heliponto.13536",
      "geometry": {
        "type": "Point",
        "coordinates": [
          328494.9151,
          7390033.4868
        ]
      },
      "geometry_name": "ge_ponto",
      "properties": {
        "cd_identificador_heliponto": 13536,
        "cd_processo_administrativo_heliponto": "6027.2021/0012271-2",
        "nm_empreendimento_heliponto": "Heliponto Privado Blue Tree Towers Faria Lima - SP0764",
        "tp_logradouro_heliponto": "Rua",
        "nm_logradouro_heliponto": "Professor Atílio Innocenti",
        "nr_endereco_heliponto": 402,
        "nr_complementar_endereco_heliponto": null,
        "tx_complementar_endereco_heliponto": null,
        "nm_distrito_municipal": "ITAIM BIBI",
        "tx_endereco_heliponto": "SSOA",
        "cd_parecer_tecnico": "013/CADES/2023",
        "cd_parecer_decont": "023/CLA/DAIA/GTH/2022",
        "dt_publicacao_diario_oficial": "2023-06-13Z",
        "tx_link_diario_oficial": "https://diariooficial.prefeitura.sp.gov.br/md_epubli_visualizar.php?kHdgtACkKWJxjOVDE7BkQy24RK_w0WYcDMI4xNfLbdnOvqMUKjRjDwKRWwVXUKRBTzaIQTH0I_I9qFHXamXwMIhgF8J1Lalm_U2NB41fLePoHHj9kDnEyOz2HdysIEMI",
        "st_deferimento_processo_administrativo": "Deferido",
        "qt_ciclo_vespertino": 0,
        "qt_ciclo_diurno": 3,
        "qt_total_ciclo_permitido": 3,
        "tx_observacao_heliponto": null
      }
    },
    {
      "type": "Feature",
      "id": "heliponto.13537",
      "geometry": {
        "type": "Point",
        "coordinates": [
          328164.6864,
          7389516.3579
        ]
      },
      "geometry_name": "ge_ponto",
      "properties": {
        "cd_identificador_heliponto": 13537,
        "cd_processo_administrativo_heliponto": "2012-0.101.386-7",
        "nm_empreendimento_heliponto": "Heliponto Condomínio Continental Square Faria Lima",
        "tp_logradouro_heliponto": "Rua",
        "nm_logradouro_heliponto": "das Olimpíadas",
        "nr_endereco_heliponto": 205,
        "nr_complementar_endereco_heliponto": null,
        "tx_complementar_endereco_heliponto": null,
        "nm_distrito_municipal": "ITAIM BIBI",
        "tx_endereco_heliponto": "SSCS",
        "cd_parecer_tecnico": "005/CADES/2015",
        "cd_parecer_decont": "041/DECONT-2/2014",
        "dt_publicacao_diario_oficial": "2015-02-07Z",
        "tx_link_diario_oficial": "https://www.imprensaoficial.com.br/Certificacao/Certificador.aspx?link=%2f2015%2fdiario%2520oficial%2520cidade%2520de%2520sao%2520paulo%2fdezembro%2f23%2fpag_0027_0UO6BFJSJR1RGe5EOEIOF04PE0F.pdf&pagina=27&data=23/12/2015&caderno=Di%C3%A1rio%20Oficial%20Cidade%20de%20S%C3%A3o%20Paulo",
        "st_deferimento_processo_administrativo": "Indeferido",
        "qt_ciclo_vespertino": 0,
        "qt_ciclo_diurno": 0,
        "qt_total_ciclo_permitido": 0,
        "tx_observacao_heliponto": null
      }
    },
    {
      "type": "Feature",
      "id": "heliponto.13538",
      "geometry": {
        "type": "Point",
        "coordinates": [
          327817.1335,
          7391692.9796
        ]
      },
      "geometry_name": "ge_ponto",
      "properties": {
        "cd_identificador_heliponto": 13538,
        "cd_processo_administrativo_heliponto": "2012-0.093.515-9",
        "nm_empreendimento_heliponto": "Heliponto Condomínio Edifício Os Bandeirantes",
        "tp_logradouro_heliponto": "Avenida",
        "nm_logradouro_heliponto": "Brigadeiro Faria Lima",
        "nr_endereco_heliponto": 2179,
        "nr_complementar_endereco_heliponto": null,
        "tx_complementar_endereco_heliponto": null,
        "nm_distrito_municipal": "PINHEIROS",
        "tx_endereco_heliponto": "SDBS",
        "cd_parecer_tecnico": "027/CADES/2012",
        "cd_parecer_decont": "045/DECONT-2/GTAIA/2012",
        "dt_publicacao_diario_oficial": "2012-08-15Z",
        "tx_link_diario_oficial": "https://www.imprensaoficial.com.br/Certificacao/Certificador.aspx?link=%2f2012%2fdiario%2520oficial%2520cidade%2520de%2520sao%2520paulo%2fagosto%2f15%2fpag_0037_11OMQHPNFPPVHeEJ4FG080HHG5O.pdf&pagina=37&data=15/08/2012&caderno=Di%C3%A1rio%20Oficial%20Cidade%20de%20S%C3%A3o%20Paulo",
        "st_deferimento_processo_administrativo": "Deferido",
        "qt_ciclo_vespertino": 0,
        "qt_ciclo_diurno": 2,
        "qt_total_ciclo_permitido": 2,
        "tx_observacao_heliponto": null
      }
    },
    {
      "type": "Feature",
      "id": "heliponto.13539",
      "geometry": {
        "type": "Point",
        "coordinates": [
          327992.1128,
          7390032.5316
        ]
      },
      "geometry_name": "ge_ponto",
      "properties": {
        "cd_identificador_heliponto": 13539,
        "cd_processo_administrativo_heliponto": "6027.2019/0008540-6",
        "nm_empreendimento_heliponto": "Heliponto Privado Spazio JK",
        "tp_logradouro_heliponto": "Avenida",
        "nm_logradouro_heliponto": "Presidente Juscelino Kubitschek",
        "nr_endereco_heliponto": 1726,
        "nr_complementar_endereco_heliponto": null,
        "tx_complementar_endereco_heliponto": null,
        "nm_distrito_municipal": "ITAIM BIBI",
        "tx_endereco_heliponto": "SDEL",
        "cd_parecer_tecnico": "021/CADES/2020",
        "cd_parecer_decont": "014/DAIA/GTH/2020",
        "dt_publicacao_diario_oficial": "2020-11-05Z",
        "tx_link_diario_oficial": "https://www.imprensaoficial.com.br/Certificacao/Certificador.aspx?link=%2f2020%2fdiario%2520oficial%2520cidade%2520de%2520sao%2520paulo%2fnovembro%2f06%2fpag_0032_2072a76e7283c7cea282e21e785a88f6.pdf&pagina=32&data=06/11/2020&caderno=Di%C3%A1rio%20Oficial%20Cidade%20de%20S%C3%A3o%20Paulo",
        "st_deferimento_processo_administrativo": "Deferido",
        "qt_ciclo_vespertino": 2,
        "qt_ciclo_diurno": 5,
        "qt_total_ciclo_permitido": 7,
        "tx_observacao_heliponto": null
      }
    },
    {
      "type": "Feature",
      "id": "heliponto.13540",
      "geometry": {
        "type": "Point",
        "coordinates": [
          326740.9242,
          7387359.0615
        ]
      },
      "geometry_name": "ge_ponto",
      "properties": {
        "cd_identificador_heliponto": 13540,
        "cd_processo_administrativo_heliponto": "2018-0.089.257-4",
        "nm_empreendimento_heliponto": "Condominio Rede Globo – Heliponto Rede Globo 2",
        "tp_logradouro_heliponto": "Rua",
        "nm_logradouro_heliponto": "Evandro Carlos de Andrade",
        "nr_endereco_heliponto": 160,
        "nr_complementar_endereco_heliponto": null,
        "tx_complementar_endereco_heliponto": null,
        "nm_distrito_municipal": "ITAIM BIBI",
        "tx_endereco_heliponto": "SWOU",
        "cd_parecer_tecnico": "003/CADES/2021",
        "cd_parecer_decont": "001/DAIA/GTH/2021",
        "dt_publicacao_diario_oficial": "2021-06-02Z",
        "tx_link_diario_oficial": "https://www.imprensaoficial.com.br/Certificacao/Certificador.aspx?link=%2f2021%2fdiario+oficial+cidade+de+sao+paulo%2fjunho%2f03%2fpag_0020_dc7dbbfe5be73237f517bd16752d7ead.pdf&pagina=20&data=03/06/2021&caderno=Di%C3%A1rio%20Oficial%20Cidade%20de%20S%C3%A3o%20Paulo",
        "st_deferimento_processo_administrativo": "Deferido",
        "qt_ciclo_vespertino": 5,
        "qt_ciclo_diurno": 15,
        "qt_total_ciclo_permitido": 20,
        "tx_observacao_heliponto": null
      }
    },
    {
      "type": "Feature",
      "id": "heliponto.13541",
      "geometry": {
        "type": "Point",
        "coordinates": [
          332514.53,
          7385066.97
        ]
      },
      "geometry_name": "ge_ponto",
      "properties": {
        "cd_identificador_heliponto": 13541,
        "cd_processo_administrativo_heliponto": "6027.2021/0007718-0",
        "nm_empreendimento_heliponto": "Heliponto Privado \"ITAU S/A\"",
        "tp_logradouro_heliponto": "Praça",
        "nm_logradouro_heliponto": "Alfredo Egydio de Souza Aranha",
        "nr_endereco_heliponto": 100,
        "nr_complementar_endereco_heliponto": null,
        "tx_complementar_endereco_heliponto": null,
        "nm_distrito_municipal": "JABAQUARA",
        "tx_endereco_heliponto": "SDTU",
        "cd_parecer_tecnico": "003/CADES/2023",
        "cd_parecer_decont": "024/CLA/DAIA/GTH/2022",
        "dt_publicacao_diario_oficial": "2023-02-23Z",
        "tx_link_diario_oficial": "https://www.imprensaoficial.com.br/Certificacao/Certificador.aspx?link=%2f2023%2fdiario+oficial+cidade+de+sao+paulo%2ffevereiro%2f24%2fpag_0044_1f5c081265b0c00c5343d9ffc0cbbbbe.pdf&pagina=44&data=24/02/2023&caderno=Di%C3%A1rio%20Oficial%20Cidade%20de%20S%C3%A3o%20Paulo",
        "st_deferimento_processo_administrativo": "Deferido",
        "qt_ciclo_vespertino": 0,
        "qt_ciclo_diurno": 1,
        "qt_total_ciclo_permitido": 1,
        "tx_observacao_heliponto": null
      }
    },
    {
      "type": "Feature",
      "id": "heliponto.13542",
      "geometry": {
        "type": "Point",
        "coordinates": [
          328171.9823,
          7392714.1299
        ]
      },
      "geometry_name": "ge_ponto",
      "properties": {
        "cd_identificador_heliponto": 13542,
        "cd_processo_administrativo_heliponto": "6027.2023/0003778-6",
        "nm_empreendimento_heliponto": "Heliponto Privado Pátio São Paulo",
        "tp_logradouro_heliponto": "Avenida",
        "nm_logradouro_heliponto": "Rebouças",
        "nr_endereco_heliponto": 2410,
        "nr_complementar_endereco_heliponto": 2416,
        "tx_complementar_endereco_heliponto": null,
        "nm_distrito_municipal": "PINHEIROS",
        "tx_endereco_heliponto": null,
        "cd_parecer_tecnico": "007/CADES/2024",
        "cd_parecer_decont": "PT  SVMA/CLA/DAIA/GTH Nº 01/2024",
        "dt_publicacao_diario_oficial": "2024-06-11Z",
        "tx_link_diario_oficial": "https://diariooficial.prefeitura.sp.gov.br/md_epubli_visualizar.php?vliZ0bH5UYuRIGq8IL5ixa0VDLEVD8f6oVyNfsuJmg8HFb4nB0e4tlj6q2AQUWSXQsCQj_fI667DYsD3kzaucJUPXjb6a4ZGpBHR2vW4aLiHTbymLHb_4zlxVyzf4bch",
        "st_deferimento_processo_administrativo": "Deferido",
        "qt_ciclo_vespertino": 0,
        "qt_ciclo_diurno": 3,
        "qt_total_ciclo_permitido": 3,
        "tx_observacao_heliponto": null
      }
    },
    {
      "type": "Feature",
      "id": "heliponto.13543",
      "geometry": {
        "type": "Point",
        "coordinates": [
          328027.5326,
          7389327.6972
        ]
      },
      "geometry_name": "ge_ponto",
      "properties": {
        "cd_identificador_heliponto": 13543,
        "cd_processo_administrativo_heliponto": "6027.2024/0019859-5",
        "nm_empreendimento_heliponto": "Heliponto DJY Yunes- SP 0327",
        "tp_logradouro_heliponto": "Rua",
        "nm_logradouro_heliponto": "Lourenço Marques",
        "nr_endereco_heliponto": 158,
        "nr_complementar_endereco_heliponto": null,
        "tx_complementar_endereco_heliponto": null,
        "nm_distrito_municipal": "ITAIM BIBI",
        "tx_endereco_heliponto": null,
        "cd_parecer_tecnico": "005/CADES/2025",
        "cd_parecer_decont": "01/DAIA/GTH/2025",
        "dt_publicacao_diario_oficial": "2025-05-05Z",
        "tx_link_diario_oficial": "https://diariooficial.prefeitura.sp.gov.br/md_epubli_visualizar.php?9b5VJtRENUmFNuFWru_CkkKIArUnenNju3TTVdkBpkvOzhI5MiHOtXv4Xpk7wVLL53cPQ93w5icdh8syUCzTgtTKcc1-unsl_rTQbYzN4R_6cqa-vqkXF9WrFcQYJ3j9",
        "st_deferimento_processo_administrativo": "Deferido",
        "qt_ciclo_vespertino": 2,
        "qt_ciclo_diurno": 3,
        "qt_total_ciclo_permitido": 5,
        "tx_observacao_heliponto": null
      }
    },
    {
      "type": "Feature",
      "id": "heliponto.13544",
      "geometry": {
        "type": "Point",
        "coordinates": [
          331003.7866,
          7394452.8397
        ]
      },
      "geometry_name": "ge_ponto",
      "properties": {
        "cd_identificador_heliponto": 13544,
        "cd_processo_administrativo_heliponto": "6027.2023/0014114-1",
        "nm_empreendimento_heliponto": "Heliponto AVENIDA CONSOLAÇÃO 1601 - SP0864 (Partifib)",
        "tp_logradouro_heliponto": "Rua",
        "nm_logradouro_heliponto": "da Consolação",
        "nr_endereco_heliponto": 1601,
        "nr_complementar_endereco_heliponto": null,
        "tx_complementar_endereco_heliponto": null,
        "nm_distrito_municipal": "CONSOLACAO",
        "tx_endereco_heliponto": null,
        "cd_parecer_tecnico": "017/CADES/2024",
        "cd_parecer_decont": "005/CLA/DAIA/GTH/2024",
        "dt_publicacao_diario_oficial": "2024-12-02Z",
        "tx_link_diario_oficial": "https://diariooficial.prefeitura.sp.gov.br/md_epubli_visualizar.php?M_dKYTA8Vf9M_KZHis7dZ6zKVhN2QvjXTqO65_CrBitGzg0uC1eMOvy_y8-WEENOTlYSWwU9JZpH00gCUaMwFQ,,",
        "st_deferimento_processo_administrativo": "Deferido",
        "qt_ciclo_vespertino": 1,
        "qt_ciclo_diurno": 2,
        "qt_total_ciclo_permitido": 3,
        "tx_observacao_heliponto": null
      }
    },
    {
      "type": "Feature",
      "id": "heliponto.13545",
      "geometry": {
        "type": "Point",
        "coordinates": [
          327876.2593,
          7391623.2183
        ]
      },
      "geometry_name": "ge_ponto",
      "properties": {
        "cd_identificador_heliponto": 13545,
        "cd_processo_administrativo_heliponto": "2010-0.163.252-0",
        "nm_empreendimento_heliponto": "Heliponto Plaza Iguatemi – IGW Tower",
        "tp_logradouro_heliponto": "Avenida",
        "nm_logradouro_heliponto": "Brigadeiro Faria Lima",
        "nr_endereco_heliponto": 2277,
        "nr_complementar_endereco_heliponto": null,
        "tx_complementar_endereco_heliponto": null,
        "nm_distrito_municipal": "PINHEIROS",
        "tx_endereco_heliponto": "SIKF",
        "cd_parecer_tecnico": "007/CADES/2011",
        "cd_parecer_decont": "048/DECONT-2/2010",
        "dt_publicacao_diario_oficial": "2011-03-12Z",
        "tx_link_diario_oficial": "https://www.imprensaoficial.com.br/Certificacao/Certificador.aspx?link=%2f2011%2fdiario%2520oficial%2520cidade%2520de%2520sao%2520paulo%2fmarco%2f12%2fpag_0023_B1UDFJMIUQ0B1e8GMJTO34MF93M.pdf&pagina=23&data=12/03/2011&caderno=Di%C3%A1rio%20Oficial%20Cidade%20de%20S%C3%A3o%20Paulo",
        "st_deferimento_processo_administrativo": "Indeferido",
        "qt_ciclo_vespertino": 0,
        "qt_ciclo_diurno": 0,
        "qt_total_ciclo_permitido": 0,
        "tx_observacao_heliponto": null
      }
    },
    {
      "type": "Feature",
      "id": "heliponto.13546",
      "geometry": {
        "type": "Point",
        "coordinates": [
          325882.8666,
          7386216.7941
        ]
      },
      "geometry_name": "ge_ponto",
      "properties": {
        "cd_identificador_heliponto": 13546,
        "cd_processo_administrativo_heliponto": "2012-0.139.778-9",
        "nm_empreendimento_heliponto": "Heliponto BMX Torre A1",
        "tp_logradouro_heliponto": "Rua",
        "nm_logradouro_heliponto": "Engenheiro Mesquita Sampaio",
        "nr_endereco_heliponto": 782,
        "nr_complementar_endereco_heliponto": null,
        "tx_complementar_endereco_heliponto": "com a x Av. Nações Unidas",
        "nm_distrito_municipal": "SANTO AMARO",
        "tx_endereco_heliponto": null,
        "cd_parecer_tecnico": "048/CADES/2013",
        "cd_parecer_decont": "015/DECONT-2/GTAIA/2013",
        "dt_publicacao_diario_oficial": "2013-05-11Z",
        "tx_link_diario_oficial": "https://www.imprensaoficial.com.br/Certificacao/Certificador.aspx?link=%2f2013%2fdiario%2520oficial%2520cidade%2520de%2520sao%2520paulo%2fmaio%2f11%2fpag_0028_859LQR58HOP4Je3AHATC576C9UU.pdf&pagina=28&data=11/05/2013&caderno=Di%C3%A1rio%20Oficial%20Cidade%20de%20S%C3%A3o%20Paulo",
        "st_deferimento_processo_administrativo": "Deferido",
        "qt_ciclo_vespertino": 0,
        "qt_ciclo_diurno": 2,
        "qt_total_ciclo_permitido": 2,
        "tx_observacao_heliponto": null
      }
    },
    {
      "type": "Feature",
      "id": "heliponto.13547",
      "geometry": {
        "type": "Point",
        "coordinates": [
          330812.1924,
          7393631.4181
        ]
      },
      "geometry_name": "ge_ponto",
      "properties": {
        "cd_identificador_heliponto": 13547,
        "cd_processo_administrativo_heliponto": "6027.2019/0005749-6",
        "nm_empreendimento_heliponto": "Heliponto Privado \"CETENCO PLAZA - Torre Norte\"",
        "tp_logradouro_heliponto": "Avenida",
        "nm_logradouro_heliponto": "Paulista",
        "nr_endereco_heliponto": 1842,
        "nr_complementar_endereco_heliponto": null,
        "tx_complementar_endereco_heliponto": null,
        "nm_distrito_municipal": "BELA VISTA",
        "tx_endereco_heliponto": "SDHT",
        "cd_parecer_tecnico": "004/CADES/2023",
        "cd_parecer_decont": "012/CLA/DAIA/GTH/2022",
        "dt_publicacao_diario_oficial": "2023-02-23Z",
        "tx_link_diario_oficial": "https://www.imprensaoficial.com.br/Certificacao/Certificador.aspx?link=%2f2023%2fdiario+oficial+cidade+de+sao+paulo%2ffevereiro%2f24%2fpag_0044_1f5c081265b0c00c5343d9ffc0cbbbbe.pdf&pagina=44&data=24/02/2023&caderno=Di%C3%A1rio%20Oficial%20Cidade%20de%20S%C3%A3o%20Paulo",
        "st_deferimento_processo_administrativo": "Deferido",
        "qt_ciclo_vespertino": 0,
        "qt_ciclo_diurno": 1,
        "qt_total_ciclo_permitido": 1,
        "tx_observacao_heliponto": null
      }
    },
    {
      "type": "Feature",
      "id": "heliponto.13548",
      "geometry": {
        "type": "Point",
        "coordinates": [
          327886.9795,
          7392741.8727
        ]
      },
      "geometry_name": "ge_ponto",
      "properties": {
        "cd_identificador_heliponto": 13548,
        "cd_processo_administrativo_heliponto": "6027.2023/0020954-4",
        "nm_empreendimento_heliponto": "Heliponto TORRE 2000 - SP0504",
        "tp_logradouro_heliponto": "Rua",
        "nm_logradouro_heliponto": "dos Pinheiros",
        "nr_endereco_heliponto": 870,
        "nr_complementar_endereco_heliponto": null,
        "tx_complementar_endereco_heliponto": null,
        "nm_distrito_municipal": "PINHEIROS",
        "tx_endereco_heliponto": "SIIH",
        "cd_parecer_tecnico": "018/CADES/2024",
        "cd_parecer_decont": "006/CLA/DAIA/GTH/2024",
        "dt_publicacao_diario_oficial": "2024-12-02Z",
        "tx_link_diario_oficial": "https://diariooficial.prefeitura.sp.gov.br/md_epubli_visualizar.php?KzdpuqmcI8ioLRCsys-IXvfD1rezERFSaPGskqASPqY46iajw63Y0Q7BdyhigT5_RW8b099AW3jqgyXIKfINqw,,",
        "st_deferimento_processo_administrativo": "Deferido",
        "qt_ciclo_vespertino": 1,
        "qt_ciclo_diurno": 4,
        "qt_total_ciclo_permitido": 5,
        "tx_observacao_heliponto": null
      }
    },
    {
      "type": "Feature",
      "id": "heliponto.13549",
      "geometry": {
        "type": "Point",
        "coordinates": [
          328169,
          7390816
        ]
      },
      "geometry_name": "ge_ponto",
      "properties": {
        "cd_identificador_heliponto": 13549,
        "cd_processo_administrativo_heliponto": "6027.2023/0016505-9",
        "nm_empreendimento_heliponto": "Heliponto Seculum - SP0686",
        "tp_logradouro_heliponto": "Avenida",
        "nm_logradouro_heliponto": "Brigadeiro Faria Lima",
        "nr_endereco_heliponto": 3144,
        "nr_complementar_endereco_heliponto": null,
        "tx_complementar_endereco_heliponto": null,
        "nm_distrito_municipal": "ITAIM BIBI",
        "tx_endereco_heliponto": null,
        "cd_parecer_tecnico": "019/CADES/2024",
        "cd_parecer_decont": "007/CLA/DAIA/GTH/2024",
        "dt_publicacao_diario_oficial": "2024-12-02Z",
        "tx_link_diario_oficial": "https://diariooficial.prefeitura.sp.gov.br/md_epubli_visualizar.php?mPx20ehmgZ5jMZBieErk1SZ4OXOvAkn7zrB9DTmRkszPGvgpTIapLGZ3m3kDoi3HxObww6bTsJmoVhMtwreWlQ,,",
        "st_deferimento_processo_administrativo": "Deferido",
        "qt_ciclo_vespertino": 1,
        "qt_ciclo_diurno": 4,
        "qt_total_ciclo_permitido": 5,
        "tx_observacao_heliponto": null
      }
    },
    {
      "type": "Feature",
      "id": "heliponto.13550",
      "geometry": {
        "type": "Point",
        "coordinates": [
          328520.7938,
          7394568.7933
        ]
      },
      "geometry_name": "ge_ponto",
      "properties": {
        "cd_identificador_heliponto": 13550,
        "cd_processo_administrativo_heliponto": "6027.2024/0017592-7",
        "nm_empreendimento_heliponto": "Heliponto Oscar Freire",
        "tp_logradouro_heliponto": "Rua",
        "nm_logradouro_heliponto": "Heitor Penteado",
        "nr_endereco_heliponto": null,
        "nr_complementar_endereco_heliponto": null,
        "tx_complementar_endereco_heliponto": "Rua Heitor Penteado x Av. Dr. Arnaldo x Rua Oscar Freire x Rua Capote Valente",
        "nm_distrito_municipal": "PINHEIROS",
        "tx_endereco_heliponto": null,
        "cd_parecer_tecnico": "015/CADES/2024",
        "cd_parecer_decont": "009/CLA/DAIA/GTH/2024",
        "dt_publicacao_diario_oficial": "2024-12-02Z",
        "tx_link_diario_oficial": "https://diariooficial.prefeitura.sp.gov.br/md_epubli_visualizar.php?sctEgGBPalcsIsy7h-grcTlLsFvqa_DMURsaVvjFEcOSi3h8nrfYTRETnStSdqit78UaTpFb7OP2rk5TUHC9CQ,,",
        "st_deferimento_processo_administrativo": "Deferido",
        "qt_ciclo_vespertino": 1,
        "qt_ciclo_diurno": 5,
        "qt_total_ciclo_permitido": 6,
        "tx_observacao_heliponto": null
      }
    },
    {
      "type": "Feature",
      "id": "heliponto.13551",
      "geometry": {
        "type": "Point",
        "coordinates": [
          330345.719,
          7393628.9299
        ]
      },
      "geometry_name": "ge_ponto",
      "properties": {
        "cd_identificador_heliponto": 13551,
        "cd_processo_administrativo_heliponto": "6027.2019/0001162-3",
        "nm_empreendimento_heliponto": "Heliponto Renaissance Hotel - SDRB",
        "tp_logradouro_heliponto": "Alameda",
        "nm_logradouro_heliponto": "Santos",
        "nr_endereco_heliponto": 2233,
        "nr_complementar_endereco_heliponto": null,
        "tx_complementar_endereco_heliponto": null,
        "nm_distrito_municipal": "JARDIM PAULISTA",
        "tx_endereco_heliponto": "SDRB",
        "cd_parecer_tecnico": "010/CADES/2020",
        "cd_parecer_decont": "002/DAIA/GTH/2020",
        "dt_publicacao_diario_oficial": "2020-07-29Z",
        "tx_link_diario_oficial": "https://diariooficial.prefeitura.sp.gov.br/md_epubli_visualizar.php?APKfjdcNXQhtQhmsm__3fYNhC3uJsb7BoVmjPfVXXy_Zdi1AyaeWmgXm5EjhfUWzjMgPji0wQ_oIGzxxB26d4jO5_n1uAwAn9ptf9A_5D3dsLWMiT8VwTVLWgSIZCyDn",
        "st_deferimento_processo_administrativo": "Deferido",
        "qt_ciclo_vespertino": 1,
        "qt_ciclo_diurno": 7,
        "qt_total_ciclo_permitido": 8,
        "tx_observacao_heliponto": "Retificação do número do SEI em 03/02/2025"
      }
    },
    {
      "type": "Feature",
      "id": "heliponto.13552",
      "geometry": {
        "type": "Point",
        "coordinates": [
          335122.6294,
          7393809.8382
        ]
      },
      "geometry_name": "ge_ponto",
      "properties": {
        "cd_identificador_heliponto": 13552,
        "cd_processo_administrativo_heliponto": "2018-0.096.768-0",
        "nm_empreendimento_heliponto": "Heliponto ITAÚ CTO - SP 0694",
        "tp_logradouro_heliponto": "Avenida",
        "nm_logradouro_heliponto": "do Estado",
        "nr_endereco_heliponto": 5533,
        "nr_complementar_endereco_heliponto": null,
        "tx_complementar_endereco_heliponto": null,
        "nm_distrito_municipal": "CAMBUCI",
        "tx_endereco_heliponto": null,
        "cd_parecer_tecnico": "007/CADES/2025",
        "cd_parecer_decont": "003/DAIA/GTH/2025",
        "dt_publicacao_diario_oficial": "2025-05-04Z",
        "tx_link_diario_oficial": "https://diariooficial.prefeitura.sp.gov.br/md_epubli_visualizar.php?JKKx6wJogqlNReHUhKc5iqF9YoF3moUrSdIdS8JI8zeszEJm6-T3gxxc2fZ9yNHzLLlEalW2FgHs7w-2tMGTRaj4taa9pfY05JMDPfN3tJ7ONmVik9OBZD2fKsPr7nAv",
        "st_deferimento_processo_administrativo": "Deferido",
        "qt_ciclo_vespertino": 0,
        "qt_ciclo_diurno": 1,
        "qt_total_ciclo_permitido": 1,
        "tx_observacao_heliponto": null
      }
    },
    {
      "type": "Feature",
      "id": "heliponto.13553",
      "geometry": {
        "type": "Point",
        "coordinates": [
          332049.0145,
          7392528.8042
        ]
      },
      "geometry_name": "ge_ponto",
      "properties": {
        "cd_identificador_heliponto": 13553,
        "cd_processo_administrativo_heliponto": "6027.2024/0027042-3",
        "nm_empreendimento_heliponto": "Hospital Santa Catarina – CIAD – SP – 0500",
        "tp_logradouro_heliponto": "Avenida",
        "nm_logradouro_heliponto": "Paulista",
        "nr_endereco_heliponto": 200,
        "nr_complementar_endereco_heliponto": null,
        "tx_complementar_endereco_heliponto": null,
        "nm_distrito_municipal": "BELA VISTA",
        "tx_endereco_heliponto": "SIHK",
        "cd_parecer_tecnico": "006/CADES/2025",
        "cd_parecer_decont": "02/DAIA/GTH/2025",
        "dt_publicacao_diario_oficial": "2025-05-08Z",
        "tx_link_diario_oficial": "https://diariooficial.prefeitura.sp.gov.br/md_epubli_visualizar.php?xu7MoCpCRqmlX9-XKDtK-JNG9fvqXOMZ2qBj-_IOgTAl_s3ftM4SOg3NG663t9IY-C5di5LPln6DAXB7q51i50y4ln_KOIUlKNgL947aGpUE2cMVEwSAQVaTRQpmefx3",
        "st_deferimento_processo_administrativo": "Deferido",
        "qt_ciclo_vespertino": 2,
        "qt_ciclo_diurno": 6,
        "qt_total_ciclo_permitido": 8,
        "tx_observacao_heliponto": null
      }
    },
    {
      "type": "Feature",
      "id": "heliponto.13554",
      "geometry": {
        "type": "Point",
        "coordinates": [
          328615.4028,
          7391133.224
        ]
      },
      "geometry_name": "ge_ponto",
      "properties": {
        "cd_identificador_heliponto": 13554,
        "cd_processo_administrativo_heliponto": "6027.2024/0020484-6",
        "nm_empreendimento_heliponto": "Heliponto OFFICE TOWER ITAIM - SP0578",
        "tp_logradouro_heliponto": "Rua",
        "nm_logradouro_heliponto": "Jerônimo da Veiga",
        "nr_endereco_heliponto": 45,
        "nr_complementar_endereco_heliponto": null,
        "tx_complementar_endereco_heliponto": null,
        "nm_distrito_municipal": "ITAIM BIBI",
        "tx_endereco_heliponto": "SIYT",
        "cd_parecer_tecnico": "016/CADES/2024",
        "cd_parecer_decont": "008/CLA/DAIA/GTH/2024",
        "dt_publicacao_diario_oficial": "2024-12-02Z",
        "tx_link_diario_oficial": "https://diariooficial.prefeitura.sp.gov.br/md_epubli_visualizar.php?mwheI902fEzTOBrbdnJq971AEfdn10hY_9fCUUQRtJ2Y3Gj8byFjGXFSKkWCxm3G3Fiw2_UTaeq5mX3BIaFv3Q,,",
        "st_deferimento_processo_administrativo": "Deferido",
        "qt_ciclo_vespertino": 1,
        "qt_ciclo_diurno": 4,
        "qt_total_ciclo_permitido": 5,
        "tx_observacao_heliponto": null
      }
    },
    {
      "type": "Feature",
      "id": "heliponto.13555",
      "geometry": {
        "type": "Point",
        "coordinates": [
          328018,
          7389939
        ]
      },
      "geometry_name": "ge_ponto",
      "properties": {
        "cd_identificador_heliponto": 13555,
        "cd_processo_administrativo_heliponto": "2016-0.132.703-6",
        "nm_empreendimento_heliponto": "Heliponto Banco Industrial",
        "tp_logradouro_heliponto": "Avenida",
        "nm_logradouro_heliponto": "Presidente Juscelino Kubitschek",
        "nr_endereco_heliponto": 1703,
        "nr_complementar_endereco_heliponto": null,
        "tx_complementar_endereco_heliponto": null,
        "nm_distrito_municipal": "ITAIM BIBI",
        "tx_endereco_heliponto": "SDAW",
        "cd_parecer_tecnico": "002/CADES/2018",
        "cd_parecer_decont": "006/DECONT-2/GTAIA/2018",
        "dt_publicacao_diario_oficial": "2018-04-07Z",
        "tx_link_diario_oficial": "https://www.imprensaoficial.com.br/Certificacao/Certificador.aspx?link=%2f2018%2fdiario%2520oficial%2520cidade%2520de%2520sao%2520paulo%2fabril%2f07%2fpag_0038_1O4M3GO7TVM1MeA13FVUS7UGFF6.pdf&pagina=38&data=07/04/2018&caderno=Di%C3%A1rio%20Oficial%20Cidade%20de%20S%C3%A3o%20Paulo",
        "st_deferimento_processo_administrativo": "Deferido",
        "qt_ciclo_vespertino": 0,
        "qt_ciclo_diurno": 2,
        "qt_total_ciclo_permitido": 2,
        "tx_observacao_heliponto": null
      }
    },
    {
      "type": "Feature",
      "id": "heliponto.13556",
      "geometry": {
        "type": "Point",
        "coordinates": [
          322849.4149,
          7385818.5128
        ]
      },
      "geometry_name": "ge_ponto",
      "properties": {
        "cd_identificador_heliponto": 13556,
        "cd_processo_administrativo_heliponto": "2015-0.241.210-8",
        "nm_empreendimento_heliponto": "Heliponto Tivoli Center",
        "tp_logradouro_heliponto": "Rua",
        "nm_logradouro_heliponto": "Engenheiro Antonio Jovino",
        "nr_endereco_heliponto": 220,
        "nr_complementar_endereco_heliponto": null,
        "tx_complementar_endereco_heliponto": null,
        "nm_distrito_municipal": "VILA ANDRADE",
        "tx_endereco_heliponto": "SJTV",
        "cd_parecer_tecnico": "006/CADES/2016",
        "cd_parecer_decont": "045/DECONT-2/GTAIA/2015",
        "dt_publicacao_diario_oficial": "2016-03-19Z",
        "tx_link_diario_oficial": "http://www.imprensaoficial.com.br/Certificacao/Certificador.aspx?link=%2f2016%2fdiario%2520oficial%2520cidade%2520de%2520sao%2520paulo%2fmarco%2f19%2fpag_0037_94F4GJR7T6TD0e6SH0N0OLGOEEV.pdf&pagina=37&data=19/03/2016&caderno=Di%C3%A1rio%20Oficial%20Cidade%20de%20S%C3%A3o%20Paulo",
        "st_deferimento_processo_administrativo": "Indeferido",
        "qt_ciclo_vespertino": 0,
        "qt_ciclo_diurno": 0,
        "qt_total_ciclo_permitido": 0,
        "tx_observacao_heliponto": null
      }
    },
    {
      "type": "Feature",
      "id": "heliponto.13557",
      "geometry": {
        "type": "Point",
        "coordinates": [
          331104.012,
          7393304.7706
        ]
      },
      "geometry_name": "ge_ponto",
      "properties": {
        "cd_identificador_heliponto": 13557,
        "cd_processo_administrativo_heliponto": "2015-0.286.001-1",
        "nm_empreendimento_heliponto": "Heliponto Banco Bradesco",
        "tp_logradouro_heliponto": "Rua",
        "nm_logradouro_heliponto": "Itapeva",
        "nr_endereco_heliponto": 782,
        "nr_complementar_endereco_heliponto": null,
        "tx_complementar_endereco_heliponto": null,
        "nm_distrito_municipal": "BELA VISTA",
        "tx_endereco_heliponto": "SDMT",
        "cd_parecer_tecnico": "007/CADES/2016",
        "cd_parecer_decont": "199/DECONT-2/GTAIA/2015",
        "dt_publicacao_diario_oficial": "2016-03-19Z",
        "tx_link_diario_oficial": "http://www.imprensaoficial.com.br/Certificacao/Certificador.aspx?link=%2f2016%2fdiario%2520oficial%2520cidade%2520de%2520sao%2520paulo%2fmarco%2f19%2fpag_0037_94F4GJR7T6TD0e6SH0N0OLGOEEV.pdf&pagina=37&data=19/03/2016&caderno=Di%C3%A1rio%20Oficial%20Cidade%20de%20S%C3%A3o%20Paulo",
        "st_deferimento_processo_administrativo": "Indeferido",
        "qt_ciclo_vespertino": 0,
        "qt_ciclo_diurno": 0,
        "qt_total_ciclo_permitido": 0,
        "tx_observacao_heliponto": null
      }
    },
    {
      "type": "Feature",
      "id": "heliponto.13558",
      "geometry": {
        "type": "Point",
        "coordinates": [
          326642.5147,
          7392091.328
        ]
      },
      "geometry_name": "ge_ponto",
      "properties": {
        "cd_identificador_heliponto": 13558,
        "cd_processo_administrativo_heliponto": "2017-0.150.072-4",
        "nm_empreendimento_heliponto": "Heliponto Itaú- Unibanco",
        "tp_logradouro_heliponto": "Avenida",
        "nm_logradouro_heliponto": "Eusébio Matoso",
        "nr_endereco_heliponto": 891,
        "nr_complementar_endereco_heliponto": null,
        "tx_complementar_endereco_heliponto": null,
        "nm_distrito_municipal": "PINHEIROS",
        "tx_endereco_heliponto": "SDEZ",
        "cd_parecer_tecnico": "016/CADES/2020",
        "cd_parecer_decont": "013/DAIA/GTH/2020",
        "dt_publicacao_diario_oficial": "2020-10-22Z",
        "tx_link_diario_oficial": "https://www.imprensaoficial.com.br/Certificacao/Certificador.aspx?link=%2f2020%2fdiario%2520oficial%2520cidade%2520de%2520sao%2520paulo%2foutubro%2f23%2fpag_0021_a37b059974088b8447ddb81e50faba93.pdf&pagina=21&data=23/10/2020&caderno=Di%C3%A1rio%20Oficial%20Cidade%20de%20S%C3%A3o%20Paulo",
        "st_deferimento_processo_administrativo": "Deferido",
        "qt_ciclo_vespertino": 0,
        "qt_ciclo_diurno": 7,
        "qt_total_ciclo_permitido": 7,
        "tx_observacao_heliponto": null
      }
    },
    {
      "type": "Feature",
      "id": "heliponto.13559",
      "geometry": {
        "type": "Point",
        "coordinates": [
          325068.9436,
          7403751.8197
        ]
      },
      "geometry_name": "ge_ponto",
      "properties": {
        "cd_identificador_heliponto": 13559,
        "cd_processo_administrativo_heliponto": "2017-0.138.251-9",
        "nm_empreendimento_heliponto": "Heliponto DMR",
        "tp_logradouro_heliponto": "Rua",
        "nm_logradouro_heliponto": "Professor José Lourenço",
        "nr_endereco_heliponto": 836,
        "nr_complementar_endereco_heliponto": null,
        "tx_complementar_endereco_heliponto": null,
        "nm_distrito_municipal": "PIRITUBA",
        "tx_endereco_heliponto": null,
        "cd_parecer_tecnico": "017/CADES/2020",
        "cd_parecer_decont": "017/DAIA/GTH/2020",
        "dt_publicacao_diario_oficial": "2020-10-22Z",
        "tx_link_diario_oficial": "https://www.imprensaoficial.com.br/Certificacao/Certificador.aspx?link=%2f2020%2fdiario%2520oficial%2520cidade%2520de%2520sao%2520paulo%2foutubro%2f23%2fpag_0021_a37b059974088b8447ddb81e50faba93.pdf&pagina=21&data=23/10/2020&caderno=Di%C3%A1rio%20Oficial%20Cidade%20de%20S%C3%A3o%20Paulo",
        "st_deferimento_processo_administrativo": "Deferido",
        "qt_ciclo_vespertino": 5,
        "qt_ciclo_diurno": 20,
        "qt_total_ciclo_permitido": 25,
        "tx_observacao_heliponto": "Georreferenciado pelo projeto"
      }
    },
    {
      "type": "Feature",
      "id": "heliponto.13560",
      "geometry": {
        "type": "Point",
        "coordinates": [
          331093.8161,
          7393598.3766
        ]
      },
      "geometry_name": "ge_ponto",
      "properties": {
        "cd_identificador_heliponto": 13560,
        "cd_processo_administrativo_heliponto": "2013-0.326.238-6",
        "nm_empreendimento_heliponto": "Heliponto 9 de Julho",
        "tp_logradouro_heliponto": "Rua",
        "nm_logradouro_heliponto": "Peixoto Gomide",
        "nr_endereco_heliponto": 671,
        "nr_complementar_endereco_heliponto": null,
        "tx_complementar_endereco_heliponto": null,
        "nm_distrito_municipal": "BELA VISTA",
        "tx_endereco_heliponto": null,
        "cd_parecer_tecnico": "009/CADES/2015",
        "cd_parecer_decont": "012/DECONT-2/2015",
        "dt_publicacao_diario_oficial": "2015-04-25Z",
        "tx_link_diario_oficial": "https://www.imprensaoficial.com.br/Certificacao/Certificador.aspx?link=%2f2015%2fdiario%2520oficial%2520cidade%2520de%2520sao%2520paulo%2fabril%2f25%2fpag_0036_65EEV1TKKF4S7e4K80530JM1E2E.pdf&pagina=36&data=25/04/2015&caderno=Di%C3%A1rio%20Oficial%20Cidade%20de%20S%C3%A3o%20Paulo",
        "st_deferimento_processo_administrativo": "Deferido",
        "qt_ciclo_vespertino": 0,
        "qt_ciclo_diurno": 3,
        "qt_total_ciclo_permitido": 3,
        "tx_observacao_heliponto": null
      }
    },
    {
      "type": "Feature",
      "id": "heliponto.13561",
      "geometry": {
        "type": "Point",
        "coordinates": [
          328027.5326,
          7389327.6972
        ]
      },
      "geometry_name": "ge_ponto",
      "properties": {
        "cd_identificador_heliponto": 13561,
        "cd_processo_administrativo_heliponto": "2016-0.131.336-1",
        "nm_empreendimento_heliponto": "Heliponto DJY",
        "tp_logradouro_heliponto": "Rua",
        "nm_logradouro_heliponto": "Lourenço Marques",
        "nr_endereco_heliponto": 158,
        "nr_complementar_endereco_heliponto": null,
        "tx_complementar_endereco_heliponto": null,
        "nm_distrito_municipal": "ITAIM BIBI",
        "tx_endereco_heliponto": "SDFM",
        "cd_parecer_tecnico": "005/CADES/2017",
        "cd_parecer_decont": "008/DECONT-2/GTAIA/2017",
        "dt_publicacao_diario_oficial": "2017-05-06Z",
        "tx_link_diario_oficial": "https://www.imprensaoficial.com.br/Certificacao/Certificador.aspx?link=%2f2017%2fdiario%2520oficial%2520cidade%2520de%2520sao%2520paulo%2fmaio%2f06%2fpag_0023_D3QH5N8V8M7PKeFQ2C6NRDJHBDM.pdf&pagina=23&data=06/05/2017&caderno=Di%C3%A1rio%20Oficial%20Cidade%20de%20S%C3%A3o%20Paulo",
        "st_deferimento_processo_administrativo": "Indeferido",
        "qt_ciclo_vespertino": 0,
        "qt_ciclo_diurno": 0,
        "qt_total_ciclo_permitido": 0,
        "tx_observacao_heliponto": null
      }
    },
    {
      "type": "Feature",
      "id": "heliponto.13562",
      "geometry": {
        "type": "Point",
        "coordinates": [
          331064,
          7392031
        ]
      },
      "geometry_name": "ge_ponto",
      "properties": {
        "cd_identificador_heliponto": 13562,
        "cd_processo_administrativo_heliponto": "2012-0.324.331-2",
        "nm_empreendimento_heliponto": "Heliponto Edifício Comercial Lorena",
        "tp_logradouro_heliponto": "Avenida",
        "nm_logradouro_heliponto": "Brigadeiro Luiz Antônio",
        "nr_endereco_heliponto": 3172,
        "nr_complementar_endereco_heliponto": null,
        "tx_complementar_endereco_heliponto": null,
        "nm_distrito_municipal": "JARDIM PAULISTA",
        "tx_endereco_heliponto": "SICZ",
        "cd_parecer_tecnico": "001/CADES/2015",
        "cd_parecer_decont": "042/DECONT-2/GTAIA/2013",
        "dt_publicacao_diario_oficial": "2015-02-07Z",
        "tx_link_diario_oficial": "https://www.imprensaoficial.com.br/Certificacao/Certificador.aspx?link=%2f2015%2fdiario%2520oficial%2520cidade%2520de%2520sao%2520paulo%2ffevereiro%2f07%2fpag_0101_9JMSO2I1VLN64e8O9CNGGJS64J3.pdf&pagina=101&data=07/02/2015&caderno=Di%C3%A1rio%20Oficial%20Cidade%20de%20S%C3%A3o%20Paulo",
        "st_deferimento_processo_administrativo": "Indeferido",
        "qt_ciclo_vespertino": 0,
        "qt_ciclo_diurno": 0,
        "qt_total_ciclo_permitido": 0,
        "tx_observacao_heliponto": null
      }
    },
    {
      "type": "Feature",
      "id": "heliponto.13563",
      "geometry": {
        "type": "Point",
        "coordinates": [
          327992.1128,
          7390032.5316
        ]
      },
      "geometry_name": "ge_ponto",
      "properties": {
        "cd_identificador_heliponto": 13563,
        "cd_processo_administrativo_heliponto": "2008-0.313.746-6",
        "nm_empreendimento_heliponto": "Heliponto Spazio JK",
        "tp_logradouro_heliponto": "Rua",
        "nm_logradouro_heliponto": "Minas de Prata",
        "nr_endereco_heliponto": 100,
        "nr_complementar_endereco_heliponto": null,
        "tx_complementar_endereco_heliponto": null,
        "nm_distrito_municipal": "ITAIM BIBI",
        "tx_endereco_heliponto": "SDEL",
        "cd_parecer_tecnico": "002/CADES/2015",
        "cd_parecer_decont": "022/DECONT-2/GTAIA/2014",
        "dt_publicacao_diario_oficial": "2015-02-07Z",
        "tx_link_diario_oficial": "https://www.imprensaoficial.com.br/Certificacao/Certificador.aspx?link=%2f2015%2fdiario%2520oficial%2520cidade%2520de%2520sao%2520paulo%2ffevereiro%2f07%2fpag_0102_6D20LO6JNPOGCe1MEP488BLNL5L.pdf&pagina=102&data=07/02/2015&caderno=Di%C3%A1rio%20Oficial%20Cidade%20de%20S%C3%A3o%20Paulo",
        "st_deferimento_processo_administrativo": "Indeferido",
        "qt_ciclo_vespertino": 0,
        "qt_ciclo_diurno": 0,
        "qt_total_ciclo_permitido": 0,
        "tx_observacao_heliponto": null
      }
    },
    {
      "type": "Feature",
      "id": "heliponto.13564",
      "geometry": {
        "type": "Point",
        "coordinates": [
          328027.5326,
          7389327.6972
        ]
      },
      "geometry_name": "ge_ponto",
      "properties": {
        "cd_identificador_heliponto": 13564,
        "cd_processo_administrativo_heliponto": "2014-0.176.001-1",
        "nm_empreendimento_heliponto": "Heliponto privado DJY",
        "tp_logradouro_heliponto": "Rua",
        "nm_logradouro_heliponto": "Lourenço Marques",
        "nr_endereco_heliponto": 158,
        "nr_complementar_endereco_heliponto": null,
        "tx_complementar_endereco_heliponto": null,
        "nm_distrito_municipal": "ITAIM BIBI",
        "tx_endereco_heliponto": "SDFM",
        "cd_parecer_tecnico": "018/CADES/2015",
        "cd_parecer_decont": "101/DECONT-2/GTAIA/2015",
        "dt_publicacao_diario_oficial": "2015-07-08Z",
        "tx_link_diario_oficial": "https://www.imprensaoficial.com.br/Certificacao/Certificador.aspx?link=%2f2015%2fdiario%2520oficial%2520cidade%2520de%2520sao%2520paulo%2fjulho%2f08%2fpag_0037_9DP8EJK4KAGMHeBFATDK4A79B5J.pdf&pagina=37&data=08/07/2015&caderno=Di%C3%A1rio%20Oficial%20Cidade%20de%20S%C3%A3o%20Paulo",
        "st_deferimento_processo_administrativo": "Indeferido",
        "qt_ciclo_vespertino": 0,
        "qt_ciclo_diurno": 0,
        "qt_total_ciclo_permitido": 0,
        "tx_observacao_heliponto": null
      }
    },
    {
      "type": "Feature",
      "id": "heliponto.13565",
      "geometry": {
        "type": "Point",
        "coordinates": [
          328169,
          7390816
        ]
      },
      "geometry_name": "ge_ponto",
      "properties": {
        "cd_identificador_heliponto": 13565,
        "cd_processo_administrativo_heliponto": "2013-0.388.291-8",
        "nm_empreendimento_heliponto": "Heliponto Privado Seculum",
        "tp_logradouro_heliponto": "Avenida",
        "nm_logradouro_heliponto": "Brigadeiro Faria Lima",
        "nr_endereco_heliponto": 3144,
        "nr_complementar_endereco_heliponto": null,
        "tx_complementar_endereco_heliponto": null,
        "nm_distrito_municipal": "ITAIM BIBI",
        "tx_endereco_heliponto": "SJZU",
        "cd_parecer_tecnico": "010/CADES/2015",
        "cd_parecer_decont": "050/DECONT-2/GTAIA/2015",
        "dt_publicacao_diario_oficial": "2015-04-25Z",
        "tx_link_diario_oficial": "https://www.imprensaoficial.com.br/Certificacao/Certificador.aspx?link=%2f2015%2fdiario%2520oficial%2520cidade%2520de%2520sao%2520paulo%2fabril%2f25%2fpag_0036_65EEV1TKKF4S7e4K80530JM1E2E.pdf&pagina=36&data=25/04/2015&caderno=Di%C3%A1rio%20Oficial%20Cidade%20de%20S%C3%A3o%20Paulo",
        "st_deferimento_processo_administrativo": "Indeferido",
        "qt_ciclo_vespertino": 0,
        "qt_ciclo_diurno": 0,
        "qt_total_ciclo_permitido": 0,
        "tx_observacao_heliponto": null
      }
    },
    {
      "type": "Feature",
      "id": "heliponto.13566",
      "geometry": {
        "type": "Point",
        "coordinates": [
          326329.1217,
          7386034.4676
        ]
      },
      "geometry_name": "ge_ponto",
      "properties": {
        "cd_identificador_heliponto": 13566,
        "cd_processo_administrativo_heliponto": "2013-0.208.843-9",
        "nm_empreendimento_heliponto": "Heliponto EZ Towers A",
        "tp_logradouro_heliponto": "Avenida",
        "nm_logradouro_heliponto": "Dr. Chucri Zaidan ",
        "nr_endereco_heliponto": 0,
        "nr_complementar_endereco_heliponto": null,
        "tx_complementar_endereco_heliponto": "Esquina com a Rua Enxovias",
        "nm_distrito_municipal": "SANTO AMARO",
        "tx_endereco_heliponto": "SIXS",
        "cd_parecer_tecnico": "022/CADES/2015",
        "cd_parecer_decont": "020/DECONT-2/GTAIA/2015",
        "dt_publicacao_diario_oficial": "2015-07-08Z",
        "tx_link_diario_oficial": "https://www.imprensaoficial.com.br/Certificacao/Certificador.aspx?link=%2f2015%2fdiario%2520oficial%2520cidade%2520de%2520sao%2520paulo%2fjulho%2f08%2fpag_0042_879B5V8P5S8HAe9VGBL254B01FD.pdf&pagina=42&data=08/07/2015&caderno=Di%C3%A1rio%20Oficial%20Cidade%20de%20S%C3%A3o%20Paulo",
        "st_deferimento_processo_administrativo": "Deferido",
        "qt_ciclo_vespertino": 0,
        "qt_ciclo_diurno": 3,
        "qt_total_ciclo_permitido": 3,
        "tx_observacao_heliponto": null
      }
    },
    {
      "type": "Feature",
      "id": "heliponto.13567",
      "geometry": {
        "type": "Point",
        "coordinates": [
          326949.9986,
          7388414.916
        ]
      },
      "geometry_name": "ge_ponto",
      "properties": {
        "cd_identificador_heliponto": 13567,
        "cd_processo_administrativo_heliponto": "2012-0.101.368-9",
        "nm_empreendimento_heliponto": "Heliponto Edifício Centenário Plaza",
        "tp_logradouro_heliponto": "Avenida",
        "nm_logradouro_heliponto": "das Nações Unidas",
        "nr_endereco_heliponto": 12995,
        "nr_complementar_endereco_heliponto": null,
        "tx_complementar_endereco_heliponto": null,
        "nm_distrito_municipal": "ITAIM BIBI",
        "tx_endereco_heliponto": "SDPO",
        "cd_parecer_tecnico": "004/CADES/2015",
        "cd_parecer_decont": "117/ DECONT-2/2013 e 190/ DECONT-2/2013",
        "dt_publicacao_diario_oficial": "2015-02-07Z",
        "tx_link_diario_oficial": "https://www.imprensaoficial.com.br/Certificacao/Certificador.aspx?link=%2f2015%2fdiario%2520oficial%2520cidade%2520de%2520sao%2520paulo%2ffevereiro%2f07%2fpag_0102_6D20LO6JNPOGCe1MEP488BLNL5L.pdf&pagina=102&data=07/02/2015&caderno=Di%C3%A1rio%20Oficial%20Cidade%20de%20S%C3%A3o%20Paulo",
        "st_deferimento_processo_administrativo": "Indeferido",
        "qt_ciclo_vespertino": 0,
        "qt_ciclo_diurno": 0,
        "qt_total_ciclo_permitido": 0,
        "tx_observacao_heliponto": null
      }
    },
    {
      "type": "Feature",
      "id": "heliponto.13568",
      "geometry": {
        "type": "Point",
        "coordinates": [
          331901.6551,
          7400048.3274
        ]
      },
      "geometry_name": "ge_ponto",
      "properties": {
        "cd_identificador_heliponto": 13568,
        "cd_processo_administrativo_heliponto": "2012-0.212.663-0",
        "nm_empreendimento_heliponto": "Heliponto Lojas Riachuelo",
        "tp_logradouro_heliponto": "Rua",
        "nm_logradouro_heliponto": "Leão XIII",
        "nr_endereco_heliponto": 500,
        "nr_complementar_endereco_heliponto": null,
        "tx_complementar_endereco_heliponto": null,
        "nm_distrito_municipal": "CASA VERDE",
        "tx_endereco_heliponto": "SIEP",
        "cd_parecer_tecnico": "003/CADES/2015",
        "cd_parecer_decont": "040/DECONT-2/2013",
        "dt_publicacao_diario_oficial": "2015-02-07Z",
        "tx_link_diario_oficial": "https://www.imprensaoficial.com.br/Certificacao/Certificador.aspx?link=%2f2015%2fdiario%2520oficial%2520cidade%2520de%2520sao%2520paulo%2ffevereiro%2f07%2fpag_0101_9JMSO2I1VLN64e8O9CNGGJS64J3.pdf&pagina=101&data=07/02/2015&caderno=Di%C3%A1rio%20Oficial%20Cidade%20de%20S%C3%A3o%20Paulo",
        "st_deferimento_processo_administrativo": "Indeferido",
        "qt_ciclo_vespertino": 0,
        "qt_ciclo_diurno": 0,
        "qt_total_ciclo_permitido": 0,
        "tx_observacao_heliponto": null
      }
    },
    {
      "type": "Feature",
      "id": "heliponto.13569",
      "geometry": {
        "type": "Point",
        "coordinates": [
          332007.3989,
          7396007.4318
        ]
      },
      "geometry_name": "ge_ponto",
      "properties": {
        "cd_identificador_heliponto": 13569,
        "cd_processo_administrativo_heliponto": "2012-0.294.868-1",
        "nm_empreendimento_heliponto": "Heliponto Folha de São Paulo",
        "tp_logradouro_heliponto": "Alameda",
        "nm_logradouro_heliponto": "Barão de Limeira",
        "nr_endereco_heliponto": 425,
        "nr_complementar_endereco_heliponto": null,
        "tx_complementar_endereco_heliponto": null,
        "nm_distrito_municipal": "SANTA CECILIA",
        "tx_endereco_heliponto": "SDFP",
        "cd_parecer_tecnico": "007/CADES/2015",
        "cd_parecer_decont": "043/DECONT-2/GTAIA/2013",
        "dt_publicacao_diario_oficial": "2015-04-25Z",
        "tx_link_diario_oficial": "https://www.imprensaoficial.com.br/Certificacao/Certificador.aspx?link=%2f2015%2fdiario%2520oficial%2520cidade%2520de%2520sao%2520paulo%2fabril%2f25%2fpag_0037_0DRBDN0NMQD61eBS11CADNT6UGD.pdf&pagina=37&data=25/04/2015&caderno=Di%C3%A1rio%20Oficial%20Cidade%20de%20S%C3%A3o%20Paulo",
        "st_deferimento_processo_administrativo": "Deferido",
        "qt_ciclo_vespertino": 0,
        "qt_ciclo_diurno": 6,
        "qt_total_ciclo_permitido": 6,
        "tx_observacao_heliponto": null
      }
    },
    {
      "type": "Feature",
      "id": "heliponto.13570",
      "geometry": {
        "type": "Point",
        "coordinates": [
          330988.405,
          7393070.3809
        ]
      },
      "geometry_name": "ge_ponto",
      "properties": {
        "cd_identificador_heliponto": 13570,
        "cd_processo_administrativo_heliponto": "2013-0.166.681-1",
        "nm_empreendimento_heliponto": "Heliponto Hotel Tivoli Mofarrej",
        "tp_logradouro_heliponto": "Alameda",
        "nm_logradouro_heliponto": "Santos",
        "nr_endereco_heliponto": 1437,
        "nr_complementar_endereco_heliponto": null,
        "tx_complementar_endereco_heliponto": null,
        "nm_distrito_municipal": "JARDIM PAULISTA",
        "tx_endereco_heliponto": "SJTY",
        "cd_parecer_tecnico": "011/CADES/2015",
        "cd_parecer_decont": "044/DECONT.2/2013",
        "dt_publicacao_diario_oficial": "2015-04-25Z",
        "tx_link_diario_oficial": "https://www.imprensaoficial.com.br/Certificacao/Certificador.aspx?link=%2f2015%2fdiario%2520oficial%2520cidade%2520de%2520sao%2520paulo%2fabril%2f25%2fpag_0038_4MBMFNS4HQ209e0I8PBKBFN3UT3.pdf&pagina=38&data=25/04/2015&caderno=Di%C3%A1rio%20Oficial%20Cidade%20de%20S%C3%A3o%20Paulo",
        "st_deferimento_processo_administrativo": "Deferido",
        "qt_ciclo_vespertino": 0,
        "qt_ciclo_diurno": 4,
        "qt_total_ciclo_permitido": 4,
        "tx_observacao_heliponto": null
      }
    },
    {
      "type": "Feature",
      "id": "heliponto.13571",
      "geometry": {
        "type": "Point",
        "coordinates": [
          328627,
          7397213
        ]
      },
      "geometry_name": "ge_ponto",
      "properties": {
        "cd_identificador_heliponto": 13571,
        "cd_processo_administrativo_heliponto": "2013-0.110.222-5",
        "nm_empreendimento_heliponto": "Heliponto Nova Arena Palmeiras",
        "tp_logradouro_heliponto": "Avenida",
        "nm_logradouro_heliponto": "Francisco Matarazzo",
        "nr_endereco_heliponto": 1705,
        "nr_complementar_endereco_heliponto": null,
        "tx_complementar_endereco_heliponto": null,
        "nm_distrito_municipal": "BARRA FUNDA",
        "tx_endereco_heliponto": null,
        "cd_parecer_tecnico": "013/CADES/2016",
        "cd_parecer_decont": "006/DECONT-2/GTAIA/2016",
        "dt_publicacao_diario_oficial": "2016-04-07Z",
        "tx_link_diario_oficial": "https://www.imprensaoficial.com.br/Certificacao/Certificador.aspx?link=%2f2016%2fdiario%2520oficial%2520cidade%2520de%2520sao%2520paulo%2fabril%2f07%2fpag_0022_8FAG84RA8T1KMe1BDNRCVBE1LV7.pdf&pagina=22&data=07/04/2016&caderno=Di%C3%A1rio%20Oficial%20Cidade%20de%20S%C3%A3o%20Paulo",
        "st_deferimento_processo_administrativo": "Deferido",
        "qt_ciclo_vespertino": 0,
        "qt_ciclo_diurno": 3,
        "qt_total_ciclo_permitido": 3,
        "tx_observacao_heliponto": null
      }
    },
    {
      "type": "Feature",
      "id": "heliponto.13572",
      "geometry": {
        "type": "Point",
        "coordinates": [
          327805.0174,
          7389543.0898
        ]
      },
      "geometry_name": "ge_ponto",
      "properties": {
        "cd_identificador_heliponto": 13572,
        "cd_processo_administrativo_heliponto": "2015-0.046.375-9",
        "nm_empreendimento_heliponto": "Heliponto Atrium VI. Com",
        "tp_logradouro_heliponto": "Rua",
        "nm_logradouro_heliponto": "Gomes de Carvalho",
        "nr_endereco_heliponto": 1510,
        "nr_complementar_endereco_heliponto": null,
        "tx_complementar_endereco_heliponto": null,
        "nm_distrito_municipal": "ITAIM BIBI",
        "tx_endereco_heliponto": "SJBP",
        "cd_parecer_tecnico": "010/CADES/2016",
        "cd_parecer_decont": "005/DECONT-G/2015",
        "dt_publicacao_diario_oficial": "2016-04-07Z",
        "tx_link_diario_oficial": "http://www.imprensaoficial.com.br/Certificacao/Certificador.aspx?link=%2f2016%2fdiario%2520oficial%2520cidade%2520de%2520sao%2520paulo%2fabril%2f07%2fpag_0021_02Q8RIB57DR4Be3I31LMNFNO4O2.pdf&pagina=21&data=07/04/2016&caderno=Di%C3%A1rio%20Oficial%20Cidade%20de%20S%C3%A3o%20Paulo",
        "st_deferimento_processo_administrativo": "Deferido",
        "qt_ciclo_vespertino": 0,
        "qt_ciclo_diurno": 2,
        "qt_total_ciclo_permitido": 2,
        "tx_observacao_heliponto": null
      }
    },
    {
      "type": "Feature",
      "id": "heliponto.13573",
      "geometry": {
        "type": "Point",
        "coordinates": [
          328296.3769,
          7390121.6113
        ]
      },
      "geometry_name": "ge_ponto",
      "properties": {
        "cd_identificador_heliponto": 13573,
        "cd_processo_administrativo_heliponto": "2008-0.313.780-6",
        "nm_empreendimento_heliponto": "Heliponto Condomínio Edifício Maria Cecília Lara Campos",
        "tp_logradouro_heliponto": "Avenida",
        "nm_logradouro_heliponto": "Presidente Juscelino Kubitschek",
        "nr_endereco_heliponto": 1400,
        "nr_complementar_endereco_heliponto": null,
        "tx_complementar_endereco_heliponto": null,
        "nm_distrito_municipal": "ITAIM BIBI",
        "tx_endereco_heliponto": null,
        "cd_parecer_tecnico": "003/CADES/2017",
        "cd_parecer_decont": "152/DECONT-2/GTAIA/2012",
        "dt_publicacao_diario_oficial": "2017-05-06Z",
        "tx_link_diario_oficial": "https://www.imprensaoficial.com.br/Certificacao/Certificador.aspx?link=%2f2017%2fdiario%2520oficial%2520cidade%2520de%2520sao%2520paulo%2fmaio%2f06%2fpag_0023_D3QH5N8V8M7PKeFQ2C6NRDJHBDM.pdf&pagina=23&data=06/05/2017&caderno=Di%C3%A1rio%20Oficial%20Cidade%20de%20S%C3%A3o%20Paulo",
        "st_deferimento_processo_administrativo": "Indeferido",
        "qt_ciclo_vespertino": 0,
        "qt_ciclo_diurno": 0,
        "qt_total_ciclo_permitido": 0,
        "tx_observacao_heliponto": null
      }
    },
    {
      "type": "Feature",
      "id": "heliponto.13574",
      "geometry": {
        "type": "Point",
        "coordinates": [
          336136.4933,
          7388116.4476
        ]
      },
      "geometry_name": "ge_ponto",
      "properties": {
        "cd_identificador_heliponto": 13574,
        "cd_processo_administrativo_heliponto": "2010-0.077.834-3",
        "nm_empreendimento_heliponto": "Heliponto Akron Comercial",
        "tp_logradouro_heliponto": "Avenida",
        "nm_logradouro_heliponto": "Tancredo Neves",
        "nr_endereco_heliponto": 525,
        "nr_complementar_endereco_heliponto": null,
        "tx_complementar_endereco_heliponto": null,
        "nm_distrito_municipal": "SACOMA",
        "tx_endereco_heliponto": "SWSK",
        "cd_parecer_tecnico": "014/CADES/2016",
        "cd_parecer_decont": "008/DECONT-2/GTAIA/2016",
        "dt_publicacao_diario_oficial": "2016-04-07Z",
        "tx_link_diario_oficial": "https://www.imprensaoficial.com.br/Certificacao/Certificador.aspx?link=%2f2016%2fdiario%2520oficial%2520cidade%2520de%2520sao%2520paulo%2fabril%2f07%2fpag_0022_8FAG84RA8T1KMe1BDNRCVBE1LV7.pdf&pagina=22&data=07/04/2016&caderno=Di%C3%A1rio%20Oficial%20Cidade%20de%20S%C3%A3o%20Paulo",
        "st_deferimento_processo_administrativo": "Deferido",
        "qt_ciclo_vespertino": 0,
        "qt_ciclo_diurno": 1,
        "qt_total_ciclo_permitido": 1,
        "tx_observacao_heliponto": null
      }
    },
    {
      "type": "Feature",
      "id": "heliponto.13575",
      "geometry": {
        "type": "Point",
        "coordinates": [
          322995.0001,
          7399029.2417
        ]
      },
      "geometry_name": "ge_ponto",
      "properties": {
        "cd_identificador_heliponto": 13575,
        "cd_processo_administrativo_heliponto": "2013-0.191.840-3",
        "nm_empreendimento_heliponto": "Heliponto NASP - Natura",
        "tp_logradouro_heliponto": "Avenida",
        "nm_logradouro_heliponto": "Manoel Domingos Pinto",
        "nr_endereco_heliponto": 481,
        "nr_complementar_endereco_heliponto": null,
        "tx_complementar_endereco_heliponto": null,
        "nm_distrito_municipal": "JAGUARA",
        "tx_endereco_heliponto": null,
        "cd_parecer_tecnico": "023/CADES/2015",
        "cd_parecer_decont": "013/ DECONT-2/2015",
        "dt_publicacao_diario_oficial": "2015-07-08Z",
        "tx_link_diario_oficial": "http://www.imprensaoficial.com.br/Certificacao/Certificador.aspx?link=%2f2015%2fdiario%2520oficial%2520cidade%2520de%2520sao%2520paulo%2fjulho%2f08%2fpag_0043_A6CHDK6VA9EU4eC2EAJL7JDL8U5.pdf&pagina=43&data=08/07/2015&caderno=Di%C3%A1rio%20Oficial%20Cidade%20de%20S%C3%A3o%20Paulo",
        "st_deferimento_processo_administrativo": "Deferido",
        "qt_ciclo_vespertino": 0,
        "qt_ciclo_diurno": 3,
        "qt_total_ciclo_permitido": 3,
        "tx_observacao_heliponto": "Heliponto não visualizado em imagem orbital Google abr/2021 - coordenadas do centróide"
      }
    },
    {
      "type": "Feature",
      "id": "heliponto.13576",
      "geometry": {
        "type": "Point",
        "coordinates": [
          327143.967,
          7387932.8504
        ]
      },
      "geometry_name": "ge_ponto",
      "properties": {
        "cd_identificador_heliponto": 13576,
        "cd_processo_administrativo_heliponto": "2010-0.311.186-2",
        "nm_empreendimento_heliponto": "Heliponto Condomínio Edifício Berrini",
        "tp_logradouro_heliponto": "Avenida",
        "nm_logradouro_heliponto": "Engenheiro Luiz Carlos Berrini",
        "nr_endereco_heliponto": 1511,
        "nr_complementar_endereco_heliponto": null,
        "tx_complementar_endereco_heliponto": null,
        "nm_distrito_municipal": "ITAIM BIBI",
        "tx_endereco_heliponto": null,
        "cd_parecer_tecnico": "002/CADES/2017",
        "cd_parecer_decont": "035/DECONT-2/GTAIA/2017",
        "dt_publicacao_diario_oficial": "2017-05-06Z",
        "tx_link_diario_oficial": "https://www.imprensaoficial.com.br/Certificacao/Certificador.aspx?link=%2f2017%2fdiario%2520oficial%2520cidade%2520de%2520sao%2520paulo%2fmaio%2f06%2fpag_0023_D3QH5N8V8M7PKeFQ2C6NRDJHBDM.pdf&pagina=23&data=06/05/2017&caderno=Di%C3%A1rio%20Oficial%20Cidade%20de%20S%C3%A3o%20Paulo",
        "st_deferimento_processo_administrativo": "Indeferido",
        "qt_ciclo_vespertino": 0,
        "qt_ciclo_diurno": 0,
        "qt_total_ciclo_permitido": 0,
        "tx_observacao_heliponto": null
      }
    },
    {
      "type": "Feature",
      "id": "heliponto.13577",
      "geometry": {
        "type": "Point",
        "coordinates": [
          326746.515,
          7391972.0587
        ]
      },
      "geometry_name": "ge_ponto",
      "properties": {
        "cd_identificador_heliponto": 13577,
        "cd_processo_administrativo_heliponto": "2015-0.054.110-5",
        "nm_empreendimento_heliponto": "Heliponto Eldorado",
        "tp_logradouro_heliponto": "Avenida",
        "nm_logradouro_heliponto": "das Nações Unidas",
        "nr_endereco_heliponto": 8501,
        "nr_complementar_endereco_heliponto": null,
        "tx_complementar_endereco_heliponto": null,
        "nm_distrito_municipal": "PINHEIROS",
        "tx_endereco_heliponto": "SJXK",
        "cd_parecer_tecnico": "008/CADES/2016",
        "cd_parecer_decont": "047/DECONT-2/GTAIA/2015",
        "dt_publicacao_diario_oficial": "2016-03-19Z",
        "tx_link_diario_oficial": "http://www.imprensaoficial.com.br/Certificacao/Certificador.aspx?link=%2f2016%2fdiario%2520oficial%2520cidade%2520de%2520sao%2520paulo%2fmarco%2f19%2fpag_0037_94F4GJR7T6TD0e6SH0N0OLGOEEV.pdf&pagina=37&data=19/03/2016&caderno=Di%C3%A1rio%20Oficial%20Cidade%20de%20S%C3%A3o%20Paulo",
        "st_deferimento_processo_administrativo": "Indeferido",
        "qt_ciclo_vespertino": 0,
        "qt_ciclo_diurno": 0,
        "qt_total_ciclo_permitido": 0,
        "tx_observacao_heliponto": null
      }
    },
    {
      "type": "Feature",
      "id": "heliponto.13578",
      "geometry": {
        "type": "Point",
        "coordinates": [
          326532.9535,
          7388264.0654
        ]
      },
      "geometry_name": "ge_ponto",
      "properties": {
        "cd_identificador_heliponto": 13578,
        "cd_processo_administrativo_heliponto": "2015-0.241.216-7",
        "nm_empreendimento_heliponto": "Heliponto Cidade Jardim",
        "tp_logradouro_heliponto": "Avenida",
        "nm_logradouro_heliponto": "Magalhães de Castro",
        "nr_endereco_heliponto": 6070,
        "nr_complementar_endereco_heliponto": null,
        "tx_complementar_endereco_heliponto": null,
        "nm_distrito_municipal": "MORUMBI",
        "tx_endereco_heliponto": null,
        "cd_parecer_tecnico": "016/CADES/2016",
        "cd_parecer_decont": "015/DECONT-2/ 2016",
        "dt_publicacao_diario_oficial": "2016-06-14Z",
        "tx_link_diario_oficial": "https://www.imprensaoficial.com.br/Certificacao/Certificador.aspx?link=%2f2016%2fdiario%2520oficial%2520cidade%2520de%2520sao%2520paulo%2fjunho%2f14%2fpag_0030_3F4ED56SMIAJFe441RF9A9TUFBP.pdf&pagina=30&data=14/06/2016&caderno=Di%C3%A1rio%20Oficial%20Cidade%20de%20S%C3%A3o%20Paulo",
        "st_deferimento_processo_administrativo": "Indeferido",
        "qt_ciclo_vespertino": 0,
        "qt_ciclo_diurno": 0,
        "qt_total_ciclo_permitido": 0,
        "tx_observacao_heliponto": "Georreferenciado pelo projeto"
      }
    },
    {
      "type": "Feature",
      "id": "heliponto.13579",
      "geometry": {
        "type": "Point",
        "coordinates": [
          327876.2593,
          7391623.2183
        ]
      },
      "geometry_name": "ge_ponto",
      "properties": {
        "cd_identificador_heliponto": 13579,
        "cd_processo_administrativo_heliponto": "2014-0.292.948-6",
        "nm_empreendimento_heliponto": "Heliponto Plaza Iguatemi - SIKF",
        "tp_logradouro_heliponto": "Avenida",
        "nm_logradouro_heliponto": "Brigadeiro Faria Lima",
        "nr_endereco_heliponto": 2277,
        "nr_complementar_endereco_heliponto": null,
        "tx_complementar_endereco_heliponto": null,
        "nm_distrito_municipal": "PINHEIROS",
        "tx_endereco_heliponto": "SIKF",
        "cd_parecer_tecnico": "011/CADES/2016",
        "cd_parecer_decont": "005/DECONT-G/2015",
        "dt_publicacao_diario_oficial": "2016-04-07Z",
        "tx_link_diario_oficial": "http://www.imprensaoficial.com.br/Certificacao/Certificador.aspx?link=%2f2016%2fdiario%2520oficial%2520cidade%2520de%2520sao%2520paulo%2fabril%2f07%2fpag_0022_8FAG84RA8T1KMe1BDNRCVBE1LV7.pdf&pagina=22&data=07/04/2016&caderno=Di%C3%A1rio%20Oficial%20Cidade%20de%20S%C3%A3o%20Paulo",
        "st_deferimento_processo_administrativo": "Deferido",
        "qt_ciclo_vespertino": 0,
        "qt_ciclo_diurno": 13,
        "qt_total_ciclo_permitido": 13,
        "tx_observacao_heliponto": "SQL verificado por Google SV"
      }
    },
    {
      "type": "Feature",
      "id": "heliponto.13580",
      "geometry": {
        "type": "Point",
        "coordinates": [
          333954,
          7383711
        ]
      },
      "geometry_name": "ge_ponto",
      "properties": {
        "cd_identificador_heliponto": 13580,
        "cd_processo_administrativo_heliponto": "2016-0.016.314-5",
        "nm_empreendimento_heliponto": "Heliponto São Paulo Expo",
        "tp_logradouro_heliponto": "Avenida",
        "nm_logradouro_heliponto": "Miguel Estefano",
        "nr_endereco_heliponto": 3900,
        "nr_complementar_endereco_heliponto": null,
        "tx_complementar_endereco_heliponto": null,
        "nm_distrito_municipal": "JABAQUARA",
        "tx_endereco_heliponto": null,
        "cd_parecer_tecnico": "004/CADES/2017",
        "cd_parecer_decont": "007/DECONT-2/GTAIA/2017",
        "dt_publicacao_diario_oficial": "2017-05-06Z",
        "tx_link_diario_oficial": "http://www.imprensaoficial.com.br/Certificacao/Certificador.aspx?link=%2f2017%2fdiario%2520oficial%2520cidade%2520de%2520sao%2520paulo%2fmaio%2f06%2fpag_0023_D3QH5N8V8M7PKeFQ2C6NRDJHBDM.pdf&pagina=23&data=06/05/2017&caderno=Di%C3%A1rio%20Oficial%20Cidade%20de%20S%C3%A3o%20Paulo",
        "st_deferimento_processo_administrativo": "Indeferido",
        "qt_ciclo_vespertino": 0,
        "qt_ciclo_diurno": 0,
        "qt_total_ciclo_permitido": 0,
        "tx_observacao_heliponto": null
      }
    },
    {
      "type": "Feature",
      "id": "heliponto.13581",
      "geometry": {
        "type": "Point",
        "coordinates": [
          328510.9106,
          7397946.0177
        ]
      },
      "geometry_name": "ge_ponto",
      "properties": {
        "cd_identificador_heliponto": 13581,
        "cd_processo_administrativo_heliponto": "2015-0.054.100-8",
        "nm_empreendimento_heliponto": "Heliponto Jardim das Perdizes Pq. Indl. Tomas Edson",
        "tp_logradouro_heliponto": "Rua",
        "nm_logradouro_heliponto": "Nicolas Bôer",
        "nr_endereco_heliponto": 0,
        "nr_complementar_endereco_heliponto": null,
        "tx_complementar_endereco_heliponto": "Esquina com a Avenida Marquês de São Vicente",
        "nm_distrito_municipal": "BARRA FUNDA",
        "tx_endereco_heliponto": "SJDD",
        "cd_parecer_tecnico": "009/CADES/2016",
        "cd_parecer_decont": "002/DECONT-2/GTAIA/2016",
        "dt_publicacao_diario_oficial": "2016-03-19Z",
        "tx_link_diario_oficial": "http://www.imprensaoficial.com.br/Certificacao/Certificador.aspx?link=%2f2016%2fdiario%2520oficial%2520cidade%2520de%2520sao%2520paulo%2fmarco%2f19%2fpag_0038_7JJHQ9G58F9OQeD5J911KSL2D5B.pdf&pagina=38&data=19/03/2016&caderno=Di%C3%A1rio%20Oficial%20Cidade%20de%20S%C3%A3o%20Paulo",
        "st_deferimento_processo_administrativo": "Deferido",
        "qt_ciclo_vespertino": 0,
        "qt_ciclo_diurno": 6,
        "qt_total_ciclo_permitido": 6,
        "tx_observacao_heliponto": null
      }
    },
    {
      "type": "Feature",
      "id": "heliponto.13582",
      "geometry": {
        "type": "Point",
        "coordinates": [
          329466.9587,
          7390926.1053
        ]
      },
      "geometry_name": "ge_ponto",
      "properties": {
        "cd_identificador_heliponto": 13582,
        "cd_processo_administrativo_heliponto": "2016-0.254.548-7",
        "nm_empreendimento_heliponto": "Heliponto Joaquim Floriano",
        "tp_logradouro_heliponto": "Rua",
        "nm_logradouro_heliponto": "Joaquim Floriano",
        "nr_endereco_heliponto": 100,
        "nr_complementar_endereco_heliponto": null,
        "tx_complementar_endereco_heliponto": null,
        "nm_distrito_municipal": "ITAIM BIBI",
        "tx_endereco_heliponto": "SIKT",
        "cd_parecer_tecnico": "013/CADES/2017",
        "cd_parecer_decont": "016/DECONT-2/GTAIA/2017",
        "dt_publicacao_diario_oficial": "2017-09-15Z",
        "tx_link_diario_oficial": "https://www.imprensaoficial.com.br/Certificacao/Certificador.aspx?link=%2f2017%2fdiario%2520oficial%2520cidade%2520de%2520sao%2520paulo%2fsetembro%2f15%2fpag_0020_91FMTDH7FCOQHe1UJRAFHV6TOQI.pdf&pagina=20&data=15/09/2017&caderno=Di%C3%A1rio%20Oficial%20Cidade%20de%20S%C3%A3o%20Paulo",
        "st_deferimento_processo_administrativo": "Indeferido",
        "qt_ciclo_vespertino": 0,
        "qt_ciclo_diurno": 0,
        "qt_total_ciclo_permitido": 0,
        "tx_observacao_heliponto": null
      }
    },
    {
      "type": "Feature",
      "id": "heliponto.13583",
      "geometry": {
        "type": "Point",
        "coordinates": [
          330073.0461,
          7398273.5725
        ]
      },
      "geometry_name": "ge_ponto",
      "properties": {
        "cd_identificador_heliponto": 13583,
        "cd_processo_administrativo_heliponto": "2016-0.176.164-0",
        "nm_empreendimento_heliponto": "Heliponto Brasília Square Offices - Torre A",
        "tp_logradouro_heliponto": "Rua",
        "nm_logradouro_heliponto": "Dr. Ruben Meireles",
        "nr_endereco_heliponto": 380,
        "nr_complementar_endereco_heliponto": null,
        "tx_complementar_endereco_heliponto": null,
        "nm_distrito_municipal": "BARRA FUNDA",
        "tx_endereco_heliponto": null,
        "cd_parecer_tecnico": "004/CADES/2018",
        "cd_parecer_decont": "012/DECONT-2/GTA-H/2018",
        "dt_publicacao_diario_oficial": "2018-07-17Z",
        "tx_link_diario_oficial": "https://www.imprensaoficial.com.br/Certificacao/Certificador.aspx?link=%2f2018%2fdiario%2520oficial%2520cidade%2520de%2520sao%2520paulo%2fjulho%2f17%2fpag_0024_3c07d83ae4d6349fc7d00b0c339e825a.pdf&pagina=24&data=17/07/2018&caderno=Di%C3%A1rio%20Oficial%20Cidade%20de%20S%C3%A3o%20Paulo",
        "st_deferimento_processo_administrativo": "Deferido",
        "qt_ciclo_vespertino": 0,
        "qt_ciclo_diurno": 0,
        "qt_total_ciclo_permitido": 0,
        "tx_observacao_heliponto": "Não consta número de ciclos no DOC"
      }
    },
    {
      "type": "Feature",
      "id": "heliponto.13584",
      "geometry": {
        "type": "Point",
        "coordinates": [
          329466.9587,
          7390926.1053
        ]
      },
      "geometry_name": "ge_ponto",
      "properties": {
        "cd_identificador_heliponto": 13584,
        "cd_processo_administrativo_heliponto": "6027.2019/0000179-2",
        "nm_empreendimento_heliponto": "Heliponto Joaquim Floriano - SIKT",
        "tp_logradouro_heliponto": "Rua",
        "nm_logradouro_heliponto": "Joaquim Floriano",
        "nr_endereco_heliponto": 100,
        "nr_complementar_endereco_heliponto": null,
        "tx_complementar_endereco_heliponto": null,
        "nm_distrito_municipal": "ITAIM BIBI",
        "tx_endereco_heliponto": "SIKT",
        "cd_parecer_tecnico": "013/CADES/2019",
        "cd_parecer_decont": "005/DAIA/GTA-H/2019",
        "dt_publicacao_diario_oficial": "2019-06-07Z",
        "tx_link_diario_oficial": "https://www.imprensaoficial.com.br/Certificacao/Certificador.aspx?link=%2f2019%2fdiario%2520oficial%2520cidade%2520de%2520sao%2520paulo%2fjunho%2f07%2fpag_0034_049045bc3bf66abc48991d636e2db7aa.pdf&pagina=34&data=07/06/2019&caderno=Di%C3%A1rio%20Oficial%20Cidade%20de%20S%C3%A3o%20Paulo",
        "st_deferimento_processo_administrativo": "Deferido",
        "qt_ciclo_vespertino": 0,
        "qt_ciclo_diurno": 8,
        "qt_total_ciclo_permitido": 8,
        "tx_observacao_heliponto": null
      }
    },
    {
      "type": "Feature",
      "id": "heliponto.13585",
      "geometry": {
        "type": "Point",
        "coordinates": [
          325201,
          7383241
        ]
      },
      "geometry_name": "ge_ponto",
      "properties": {
        "cd_identificador_heliponto": 13585,
        "cd_processo_administrativo_heliponto": "2016-0.249.932-9",
        "nm_empreendimento_heliponto": "Heliponto Banco Santander",
        "tp_logradouro_heliponto": "Rua",
        "nm_logradouro_heliponto": "Amador bueno",
        "nr_endereco_heliponto": 474,
        "nr_complementar_endereco_heliponto": null,
        "tx_complementar_endereco_heliponto": null,
        "nm_distrito_municipal": "SANTO AMARO",
        "tx_endereco_heliponto": "SDNR",
        "cd_parecer_tecnico": "014/CADES/2017",
        "cd_parecer_decont": "017/DECONT-2/GTAIA/2017",
        "dt_publicacao_diario_oficial": "2017-09-15Z",
        "tx_link_diario_oficial": "https://www.imprensaoficial.com.br/Certificacao/Certificador.aspx?caderno=Di%C3%A1rio%20Oficial%20Cidade%20de%20S%C3%A3o%20Paulo&link=/2017/diario%20oficial%20cidade%20de%20sao%20paulo/setembro/15/pag_0021_CM1HG19SJDE1Ue19R5IE19G0U8V.pdf",
        "st_deferimento_processo_administrativo": "Indeferido",
        "qt_ciclo_vespertino": 0,
        "qt_ciclo_diurno": 0,
        "qt_total_ciclo_permitido": 0,
        "tx_observacao_heliponto": null
      }
    },
    {
      "type": "Feature",
      "id": "heliponto.13586",
      "geometry": {
        "type": "Point",
        "coordinates": [
          326532.9535,
          7388264.0654
        ]
      },
      "geometry_name": "ge_ponto",
      "properties": {
        "cd_identificador_heliponto": 13586,
        "cd_processo_administrativo_heliponto": "2016-0.175.445-7",
        "nm_empreendimento_heliponto": "Heliponto Cidade Jardim",
        "tp_logradouro_heliponto": "Avenida",
        "nm_logradouro_heliponto": "Magalhães de Castro",
        "nr_endereco_heliponto": 6070,
        "nr_complementar_endereco_heliponto": null,
        "tx_complementar_endereco_heliponto": null,
        "nm_distrito_municipal": "MORUMBI",
        "tx_endereco_heliponto": null,
        "cd_parecer_tecnico": "015/CADES/2017",
        "cd_parecer_decont": "018/DECONT-2/GTAIA/2017",
        "dt_publicacao_diario_oficial": "2017-09-15Z",
        "tx_link_diario_oficial": "https://www.imprensaoficial.com.br/DO/BuscaDO2001Documento_11_4.aspx?link=%2f2017%2fdiario%2520oficial%2520cidade%2520de%2520sao%2520paulo%2fsetembro%2f15%2fpag_0021_CM1HG19SJDE1Ue19R5IE19G0U8V.pdf&pagina=21&data=15/09/2017&caderno=Di%C3%A1rio%20Oficial%20Cidade%20de%20S%C3%A3o%20Paulo&paginaordenacao=100021",
        "st_deferimento_processo_administrativo": "Indeferido",
        "qt_ciclo_vespertino": 0,
        "qt_ciclo_diurno": 0,
        "qt_total_ciclo_permitido": 0,
        "tx_observacao_heliponto": "Georreferenciado pelo projeto"
      }
    },
    {
      "type": "Feature",
      "id": "heliponto.13587",
      "geometry": {
        "type": "Point",
        "coordinates": [
          325413.1685,
          7391179.3788
        ]
      },
      "geometry_name": "ge_ponto",
      "properties": {
        "cd_identificador_heliponto": 13587,
        "cd_processo_administrativo_heliponto": "2017-0.027.515-8",
        "nm_empreendimento_heliponto": "Heliponto HSM - Morumbi",
        "tp_logradouro_heliponto": "Avenida",
        "nm_logradouro_heliponto": "Professor Francisco Morato",
        "nr_endereco_heliponto": 1133,
        "nr_complementar_endereco_heliponto": null,
        "tx_complementar_endereco_heliponto": null,
        "nm_distrito_municipal": "MORUMBI",
        "tx_endereco_heliponto": null,
        "cd_parecer_tecnico": "016/CADES/2017",
        "cd_parecer_decont": "056/DECONT-2/GTAIA/2017",
        "dt_publicacao_diario_oficial": "2017-12-06Z",
        "tx_link_diario_oficial": "https://www.imprensaoficial.com.br/DO/BuscaDO2001Documento_11_4.aspx?link=%2f2017%2fdiario%2520oficial%2520cidade%2520de%2520sao%2520paulo%2fdezembro%2f06%2fpag_0031_ACCIOVQ6S3F5IeBPL2LIPPNSP4E.pdf&pagina=31&data=06/12/2017&caderno=Di%C3%A1rio%20Oficial%20Cidade%20de%20S%C3%A3o%20Paulo&paginaordenacao=100031",
        "st_deferimento_processo_administrativo": "Deferido",
        "qt_ciclo_vespertino": 0,
        "qt_ciclo_diurno": 2,
        "qt_total_ciclo_permitido": 2,
        "tx_observacao_heliponto": "RECURSO / Georreferenciado pelo projeto"
      }
    },
    {
      "type": "Feature",
      "id": "heliponto.13588",
      "geometry": {
        "type": "Point",
        "coordinates": [
          326167.2114,
          7390011.092
        ]
      },
      "geometry_name": "ge_ponto",
      "properties": {
        "cd_identificador_heliponto": 13588,
        "cd_processo_administrativo_heliponto": "2017-0.091.132-0",
        "nm_empreendimento_heliponto": "Heliponto Rede D’Or São Luiz Morumbi",
        "tp_logradouro_heliponto": "Rua",
        "nm_logradouro_heliponto": "Engenheiro Oscar Americano",
        "nr_endereco_heliponto": 840,
        "nr_complementar_endereco_heliponto": null,
        "tx_complementar_endereco_heliponto": null,
        "nm_distrito_municipal": "MORUMBI",
        "tx_endereco_heliponto": "SDJW",
        "cd_parecer_tecnico": "017/CADES/2017",
        "cd_parecer_decont": "022/DECONT-2/GTAIA/2017",
        "dt_publicacao_diario_oficial": "2017-12-05Z",
        "tx_link_diario_oficial": "https://www.imprensaoficial.com.br/Certificacao/Certificador.aspx?link=%2f2017%2fdiario%2520oficial%2520cidade%2520de%2520sao%2520paulo%2fdezembro%2f05%2fpag_0024_9M7VIJTOPBFMHe68IUBVFV4PIKF.pdf&pagina=24&data=05/12/2017&caderno=Di%C3%A1rio%20Oficial%20Cidade%20de%20S%C3%A3o%20Paulo",
        "st_deferimento_processo_administrativo": "Deferido",
        "qt_ciclo_vespertino": 0,
        "qt_ciclo_diurno": 0,
        "qt_total_ciclo_permitido": 0,
        "tx_observacao_heliponto": "Autorizado apenas emergência"
      }
    },
    {
      "type": "Feature",
      "id": "heliponto.13589",
      "geometry": {
        "type": "Point",
        "coordinates": [
          334099.8636,
          7400322.0739
        ]
      },
      "geometry_name": "ge_ponto",
      "properties": {
        "cd_identificador_heliponto": 13589,
        "cd_processo_administrativo_heliponto": "2016-0.136.539-6",
        "nm_empreendimento_heliponto": "Condomínio Edifício K1",
        "tp_logradouro_heliponto": "Rua",
        "nm_logradouro_heliponto": "Conselheiro Saraiva",
        "nr_endereco_heliponto": 207,
        "nr_complementar_endereco_heliponto": 253,
        "tx_complementar_endereco_heliponto": null,
        "nm_distrito_municipal": "SANTANA",
        "tx_endereco_heliponto": null,
        "cd_parecer_tecnico": "003/CADES/2018",
        "cd_parecer_decont": "014/DECONT-2/GTA-H/2018",
        "dt_publicacao_diario_oficial": "2018-06-26Z",
        "tx_link_diario_oficial": "https://www.imprensaoficial.com.br/Certificacao/Certificador.aspx?link=%2f2018%2fdiario%2520oficial%2520cidade%2520de%2520sao%2520paulo%2fjunho%2f26%2fpag_0026_1d2395931b0d5b2c5306ba2febb45675.pdf&pagina=26&data=26/06/2018&caderno=Di%C3%A1rio%20Oficial%20Cidade%20de%20S%C3%A3o%20Paulo",
        "st_deferimento_processo_administrativo": "Deferido",
        "qt_ciclo_vespertino": 0,
        "qt_ciclo_diurno": 2,
        "qt_total_ciclo_permitido": 2,
        "tx_observacao_heliponto": null
      }
    },
    {
      "type": "Feature",
      "id": "heliponto.13590",
      "geometry": {
        "type": "Point",
        "coordinates": [
          328018,
          7389939
        ]
      },
      "geometry_name": "ge_ponto",
      "properties": {
        "cd_identificador_heliponto": 13590,
        "cd_processo_administrativo_heliponto": "2016-0.132.703-6",
        "nm_empreendimento_heliponto": "Heliponto Banco Industrial",
        "tp_logradouro_heliponto": "Avenida",
        "nm_logradouro_heliponto": "Presidente Juscelino Kubitschek",
        "nr_endereco_heliponto": 1703,
        "nr_complementar_endereco_heliponto": null,
        "tx_complementar_endereco_heliponto": null,
        "nm_distrito_municipal": "ITAIM BIBI",
        "tx_endereco_heliponto": "SDAW",
        "cd_parecer_tecnico": "006/CADES/2017",
        "cd_parecer_decont": "009/DECONT-2/GTAIA/2017",
        "dt_publicacao_diario_oficial": "2017-05-06Z",
        "tx_link_diario_oficial": "https://www.imprensaoficial.com.br/Certificacao/Certificador.aspx?link=%2f2017%2fdiario%2520oficial%2520cidade%2520de%2520sao%2520paulo%2fmaio%2f06%2fpag_0023_D3QH5N8V8M7PKeFQ2C6NRDJHBDM.pdf&pagina=23&data=06/05/2017&caderno=Di%C3%A1rio%20Oficial%20Cidade%20de%20S%C3%A3o%20Paulo",
        "st_deferimento_processo_administrativo": "Indeferido",
        "qt_ciclo_vespertino": 0,
        "qt_ciclo_diurno": 0,
        "qt_total_ciclo_permitido": 0,
        "tx_observacao_heliponto": null
      }
    },
    {
      "type": "Feature",
      "id": "heliponto.13591",
      "geometry": {
        "type": "Point",
        "coordinates": [
          332482.2547,
          7392664.6783
        ]
      },
      "geometry_name": "ge_ponto",
      "properties": {
        "cd_identificador_heliponto": 13591,
        "cd_processo_administrativo_heliponto": "2016-0.245.411-2",
        "nm_empreendimento_heliponto": "Heliponto Real e Benemérita Assoc. Portuguesa de Beneficência",
        "tp_logradouro_heliponto": "Rua",
        "nm_logradouro_heliponto": "Maestro Cardim",
        "nr_endereco_heliponto": 769,
        "nr_complementar_endereco_heliponto": null,
        "tx_complementar_endereco_heliponto": null,
        "nm_distrito_municipal": "BELA VISTA",
        "tx_endereco_heliponto": "SDBM",
        "cd_parecer_tecnico": "008/CADES/2017",
        "cd_parecer_decont": "019/DECONT-2/GTAIA/2017",
        "dt_publicacao_diario_oficial": "2017-09-15Z",
        "tx_link_diario_oficial": "https://www.imprensaoficial.com.br/Certificacao/Certificador.aspx?link=%2f2017%2fdiario%2520oficial%2520cidade%2520de%2520sao%2520paulo%2fsetembro%2f15%2fpag_0020_91FMTDH7FCOQHe1UJRAFHV6TOQI.pdf&pagina=20&data=15/09/2017&caderno=Di%C3%A1rio%20Oficial%20Cidade%20de%20S%C3%A3o%20Paulo",
        "st_deferimento_processo_administrativo": "Deferido",
        "qt_ciclo_vespertino": 0,
        "qt_ciclo_diurno": 2,
        "qt_total_ciclo_permitido": 2,
        "tx_observacao_heliponto": null
      }
    },
    {
      "type": "Feature",
      "id": "heliponto.13592",
      "geometry": {
        "type": "Point",
        "coordinates": [
          340946.9786,
          7394847.8423
        ]
      },
      "geometry_name": "ge_ponto",
      "properties": {
        "cd_identificador_heliponto": 13592,
        "cd_processo_administrativo_heliponto": "2017-0.022.548-7",
        "nm_empreendimento_heliponto": "Heliponto Rede D’Or São Luiz Anália Franco",
        "tp_logradouro_heliponto": "Rua",
        "nm_logradouro_heliponto": "Francisco Marengo",
        "nr_endereco_heliponto": 1312,
        "nr_complementar_endereco_heliponto": null,
        "tx_complementar_endereco_heliponto": null,
        "nm_distrito_municipal": "TATUAPE",
        "tx_endereco_heliponto": "SSUF",
        "cd_parecer_tecnico": "009/CADES/2017",
        "cd_parecer_decont": "020/DECONT-2/GTAIA/2017",
        "dt_publicacao_diario_oficial": "2017-09-15Z",
        "tx_link_diario_oficial": "https://www.imprensaoficial.com.br/DO/BuscaDO2001Documento_11_4.aspx?link=%2f2017%2fdiario%2520oficial%2520cidade%2520de%2520sao%2520paulo%2fsetembro%2f15%2fpag_0020_91FMTDH7FCOQHe1UJRAFHV6TOQI.pdf&pagina=20&data=15/09/2017&caderno=Di%C3%A1rio%20Oficial%20Cidade%20de%20S%C3%A3o%20Paulo&paginaordenacao=100020",
        "st_deferimento_processo_administrativo": "Deferido",
        "qt_ciclo_vespertino": 0,
        "qt_ciclo_diurno": 2,
        "qt_total_ciclo_permitido": 2,
        "tx_observacao_heliponto": null
      }
    },
    {
      "type": "Feature",
      "id": "heliponto.13593",
      "geometry": {
        "type": "Point",
        "coordinates": [
          331298.5767,
          7393133.6653
        ]
      },
      "geometry_name": "ge_ponto",
      "properties": {
        "cd_identificador_heliponto": 13593,
        "cd_processo_administrativo_heliponto": "2015-0.131.555-9",
        "nm_empreendimento_heliponto": "Heliponto Conde Francisco Matarazzo",
        "tp_logradouro_heliponto": "Avenida",
        "nm_logradouro_heliponto": "Paulista",
        "nr_endereco_heliponto": 1230,
        "nr_complementar_endereco_heliponto": null,
        "tx_complementar_endereco_heliponto": null,
        "nm_distrito_municipal": "BELA VISTA",
        "tx_endereco_heliponto": "SDUV",
        "cd_parecer_tecnico": "010/CADES/2017",
        "cd_parecer_decont": "012/DECONT-2/GTAIA/2017",
        "dt_publicacao_diario_oficial": "2017-09-15Z",
        "tx_link_diario_oficial": "https://www.imprensaoficial.com.br/Certificacao/Certificador.aspx?link=%2f2017%2fdiario%2520oficial%2520cidade%2520de%2520sao%2520paulo%2fsetembro%2f15%2fpag_0020_91FMTDH7FCOQHe1UJRAFHV6TOQI.pdf&pagina=20&data=15/09/2017&caderno=Di%C3%A1rio%20Oficial%20Cidade%20de%20S%C3%A3o%20Paulo",
        "st_deferimento_processo_administrativo": "Indeferido",
        "qt_ciclo_vespertino": 0,
        "qt_ciclo_diurno": 0,
        "qt_total_ciclo_permitido": 0,
        "tx_observacao_heliponto": null
      }
    },
    {
      "type": "Feature",
      "id": "heliponto.13594",
      "geometry": {
        "type": "Point",
        "coordinates": [
          336256.1492,
          7396542.9295
        ]
      },
      "geometry_name": "ge_ponto",
      "properties": {
        "cd_identificador_heliponto": 13594,
        "cd_processo_administrativo_heliponto": "2018-0.004.802-9",
        "nm_empreendimento_heliponto": "Heliponto Vigor - SNVO",
        "tp_logradouro_heliponto": "Rua",
        "nm_logradouro_heliponto": "Joaquim Carlos",
        "nr_endereco_heliponto": 396,
        "nr_complementar_endereco_heliponto": null,
        "tx_complementar_endereco_heliponto": null,
        "nm_distrito_municipal": "BELEM",
        "tx_endereco_heliponto": "SNVO",
        "cd_parecer_tecnico": "005/CADES/2019",
        "cd_parecer_decont": "003/DECONT-2/GTA-H/2019",
        "dt_publicacao_diario_oficial": "2019-03-07Z",
        "tx_link_diario_oficial": "https://www.imprensaoficial.com.br/Certificacao/Certificador.aspx?link=%2f2019%2fdiario%2520oficial%2520cidade%2520de%2520sao%2520paulo%2fmarco%2f07%2fpag_0018_7d648f4849ca45366909fdee7c5ae889.pdf&pagina=18&data=07/03/2019&caderno=Di%C3%A1rio%20Oficial%20Cidade%20de%20S%C3%A3o%20Paulo",
        "st_deferimento_processo_administrativo": "Deferido",
        "qt_ciclo_vespertino": 0,
        "qt_ciclo_diurno": 3,
        "qt_total_ciclo_permitido": 3,
        "tx_observacao_heliponto": null
      }
    },
    {
      "type": "Feature",
      "id": "heliponto.13595",
      "geometry": {
        "type": "Point",
        "coordinates": [
          333491.1887,
          7387091.4676
        ]
      },
      "geometry_name": "ge_ponto",
      "properties": {
        "cd_identificador_heliponto": 13595,
        "cd_processo_administrativo_heliponto": "2017-0.149.071-0",
        "nm_empreendimento_heliponto": "Heliponto Hospital Santa Maggiore - HSM Saúde",
        "tp_logradouro_heliponto": "Rua",
        "nm_logradouro_heliponto": "General Chagas Santos",
        "nr_endereco_heliponto": 314,
        "nr_complementar_endereco_heliponto": null,
        "tx_complementar_endereco_heliponto": null,
        "nm_distrito_municipal": "SAUDE",
        "tx_endereco_heliponto": null,
        "cd_parecer_tecnico": "004/CADES/2019",
        "cd_parecer_decont": "028/DECONT-2/GTA-H/2018",
        "dt_publicacao_diario_oficial": "2019-03-07Z",
        "tx_link_diario_oficial": "https://www.imprensaoficial.com.br/Certificacao/Certificador.aspx?link=%2f2019%2fdiario%2520oficial%2520cidade%2520de%2520sao%2520paulo%2fmarco%2f07%2fpag_0018_7d648f4849ca45366909fdee7c5ae889.pdf&pagina=18&data=07/03/2019&caderno=Di%C3%A1rio%20Oficial%20Cidade%20de%20S%C3%A3o%20Paulo",
        "st_deferimento_processo_administrativo": "Deferido",
        "qt_ciclo_vespertino": 0,
        "qt_ciclo_diurno": 3,
        "qt_total_ciclo_permitido": 3,
        "tx_observacao_heliponto": "Heliponto georreferenciado pelo projeto"
      }
    },
    {
      "type": "Feature",
      "id": "heliponto.13596",
      "geometry": {
        "type": "Point",
        "coordinates": [
          328218.8853,
          7390591.9414
        ]
      },
      "geometry_name": "ge_ponto",
      "properties": {
        "cd_identificador_heliponto": 13596,
        "cd_processo_administrativo_heliponto": "6027.2019/0001111-9",
        "nm_empreendimento_heliponto": "Heliponto Faria Lima Financial Center - SIJF",
        "tp_logradouro_heliponto": "Avenida",
        "nm_logradouro_heliponto": "Brigadeiro Faria Lima",
        "nr_endereco_heliponto": 3400,
        "nr_complementar_endereco_heliponto": null,
        "tx_complementar_endereco_heliponto": null,
        "nm_distrito_municipal": "ITAIM BIBI",
        "tx_endereco_heliponto": "SIJF",
        "cd_parecer_tecnico": "014/CADES/2019",
        "cd_parecer_decont": "007/DAIA/GTA-H/2019",
        "dt_publicacao_diario_oficial": "2019-06-07Z",
        "tx_link_diario_oficial": "https://www.imprensaoficial.com.br/Certificacao/Certificador.aspx?link=%2f2019%2fdiario%2520oficial%2520cidade%2520de%2520sao%2520paulo%2fjunho%2f07%2fpag_0033_d4004f31e30b03b7c001faa17835556b.pdf&pagina=33&data=07/06/2019&caderno=Di%C3%A1rio%20Oficial%20Cidade%20de%20S%C3%A3o%20Paulo",
        "st_deferimento_processo_administrativo": "Deferido",
        "qt_ciclo_vespertino": 1,
        "qt_ciclo_diurno": 8,
        "qt_total_ciclo_permitido": 9,
        "tx_observacao_heliponto": null
      }
    },
    {
      "type": "Feature",
      "id": "heliponto.13597",
      "geometry": {
        "type": "Point",
        "coordinates": [
          328402.1372,
          7389908.485
        ]
      },
      "geometry_name": "ge_ponto",
      "properties": {
        "cd_identificador_heliponto": 13597,
        "cd_processo_administrativo_heliponto": "2018-0.008.297-1",
        "nm_empreendimento_heliponto": "Heliponto Miss Silvia Morizono",
        "tp_logradouro_heliponto": "Avenida",
        "nm_logradouro_heliponto": "Brigadeiro Faria Lima",
        "nr_endereco_heliponto": 4100,
        "nr_complementar_endereco_heliponto": null,
        "tx_complementar_endereco_heliponto": null,
        "nm_distrito_municipal": "ITAIM BIBI",
        "tx_endereco_heliponto": "SNSZ",
        "cd_parecer_tecnico": "006/CADES/2018",
        "cd_parecer_decont": "015/DECONT-2/GTA-H/2018",
        "dt_publicacao_diario_oficial": "2018-06-26Z",
        "tx_link_diario_oficial": "https://www.imprensaoficial.com.br/Certificacao/Certificador.aspx?link=%2f2018%2fdiario%2520oficial%2520cidade%2520de%2520sao%2520paulo%2fjunho%2f27%2fpag_0025_a968d09bfd200443b0dd29a2dee08e65.pdf&pagina=25&data=27/06/2018&caderno=Di%C3%A1rio%20Oficial%20Cidade%20de%20S%C3%A3o%20Paulo",
        "st_deferimento_processo_administrativo": "Deferido",
        "qt_ciclo_vespertino": 0,
        "qt_ciclo_diurno": 0,
        "qt_total_ciclo_permitido": 0,
        "tx_observacao_heliponto": null
      }
    },
    {
      "type": "Feature",
      "id": "heliponto.13598",
      "geometry": {
        "type": "Point",
        "coordinates": [
          334154.9403,
          7394375.144
        ]
      },
      "geometry_name": "ge_ponto",
      "properties": {
        "cd_identificador_heliponto": 13598,
        "cd_processo_administrativo_heliponto": "2016-0.198.743-5",
        "nm_empreendimento_heliponto": "Heliponto Hosp. Sta. Maggiori - Mooca",
        "tp_logradouro_heliponto": "Rua",
        "nm_logradouro_heliponto": "da Figueira",
        "nr_endereco_heliponto": 831,
        "nr_complementar_endereco_heliponto": null,
        "tx_complementar_endereco_heliponto": null,
        "nm_distrito_municipal": "BRAS",
        "tx_endereco_heliponto": null,
        "cd_parecer_tecnico": "009/CADES/2018",
        "cd_parecer_decont": "027/DECONT-2/GTA-H/2018",
        "dt_publicacao_diario_oficial": "2018-09-25Z",
        "tx_link_diario_oficial": "https://www.imprensaoficial.com.br/Certificacao/Certificador.aspx?link=%2f2018%2fdiario%2520oficial%2520cidade%2520de%2520sao%2520paulo%2fsetembro%2f25%2fpag_0027_0aefd8af106648616a2e4958f0ec7c30.pdf&pagina=27&data=25/09/2018&caderno=Di%C3%A1rio%20Oficial%20Cidade%20de%20S%C3%A3o%20Paulo",
        "st_deferimento_processo_administrativo": "Deferido",
        "qt_ciclo_vespertino": 0,
        "qt_ciclo_diurno": 3,
        "qt_total_ciclo_permitido": 3,
        "tx_observacao_heliponto": null
      }
    },
    {
      "type": "Feature",
      "id": "heliponto.13599",
      "geometry": {
        "type": "Point",
        "coordinates": [
          328559,
          7389936
        ]
      },
      "geometry_name": "ge_ponto",
      "properties": {
        "cd_identificador_heliponto": 13599,
        "cd_processo_administrativo_heliponto": "2017-0.143.971-5",
        "nm_empreendimento_heliponto": "Heliponto HBR Lead Corporate Faria Lima",
        "tp_logradouro_heliponto": "Avenida",
        "nm_logradouro_heliponto": "Brigadeiro Faria Lima",
        "nr_endereco_heliponto": 4055,
        "nr_complementar_endereco_heliponto": null,
        "tx_complementar_endereco_heliponto": null,
        "nm_distrito_municipal": "ITAIM BIBI",
        "tx_endereco_heliponto": "SNIL",
        "cd_parecer_tecnico": "012/CADES/2018",
        "cd_parecer_decont": "033/DECONT-2/GTA-H/2018",
        "dt_publicacao_diario_oficial": "2018-09-25Z",
        "tx_link_diario_oficial": "https://www.imprensaoficial.com.br/Certificacao/Certificador.aspx?link=%2f2018%2fdiario%2520oficial%2520cidade%2520de%2520sao%2520paulo%2fsetembro%2f25%2fpag_0026_51019770a3744301d891fcf91af35c97.pdf&pagina=26&data=25/09/2018&caderno=Di%C3%A1rio%20Oficial%20Cidade%20de%20S%C3%A3o%20Paulo",
        "st_deferimento_processo_administrativo": "Deferido",
        "qt_ciclo_vespertino": 2,
        "qt_ciclo_diurno": 5,
        "qt_total_ciclo_permitido": 7,
        "tx_observacao_heliponto": null
      }
    },
    {
      "type": "Feature",
      "id": "heliponto.13600",
      "geometry": {
        "type": "Point",
        "coordinates": [
          328132.4328,
          7391196.9288
        ]
      },
      "geometry_name": "ge_ponto",
      "properties": {
        "cd_identificador_heliponto": 13600,
        "cd_processo_administrativo_heliponto": "2018-0.083.647-0",
        "nm_empreendimento_heliponto": "Heliponto Edifício Dacon",
        "tp_logradouro_heliponto": "Avenida",
        "nm_logradouro_heliponto": "Cidade Jardim",
        "nr_endereco_heliponto": 400,
        "nr_complementar_endereco_heliponto": null,
        "tx_complementar_endereco_heliponto": null,
        "nm_distrito_municipal": "PINHEIROS",
        "tx_endereco_heliponto": "SDKT",
        "cd_parecer_tecnico": "001/CADES/2019",
        "cd_parecer_decont": "002/DECONT-2/GTA-H/2019",
        "dt_publicacao_diario_oficial": "2019-03-07Z",
        "tx_link_diario_oficial": "https://www.imprensaoficial.com.br/Certificacao/Certificador.aspx?link=%2f2019%2fdiario%2520oficial%2520cidade%2520de%2520sao%2520paulo%2fmarco%2f07%2fpag_0018_7d648f4849ca45366909fdee7c5ae889.pdf&pagina=18&data=07/03/2019&caderno=Di%C3%A1rio%20Oficial%20Cidade%20de%20S%C3%A3o%20Paulo",
        "st_deferimento_processo_administrativo": "Deferido",
        "qt_ciclo_vespertino": 0,
        "qt_ciclo_diurno": 3,
        "qt_total_ciclo_permitido": 3,
        "tx_observacao_heliponto": null
      }
    },
    {
      "type": "Feature",
      "id": "heliponto.13601",
      "geometry": {
        "type": "Point",
        "coordinates": [
          332049.0145,
          7392528.8042
        ]
      },
      "geometry_name": "ge_ponto",
      "properties": {
        "cd_identificador_heliponto": 13601,
        "cd_processo_administrativo_heliponto": "2017-0.153.551-0",
        "nm_empreendimento_heliponto": "Heliponto Hospital Santa Catarina",
        "tp_logradouro_heliponto": "Avenida",
        "nm_logradouro_heliponto": "Paulista",
        "nr_endereco_heliponto": 200,
        "nr_complementar_endereco_heliponto": null,
        "tx_complementar_endereco_heliponto": null,
        "nm_distrito_municipal": "BELA VISTA",
        "tx_endereco_heliponto": "SIHK",
        "cd_parecer_tecnico": "003/CADES/2019",
        "cd_parecer_decont": "035/DECONT-2/GTA-H/2018",
        "dt_publicacao_diario_oficial": "2019-03-07Z",
        "tx_link_diario_oficial": "https://www.imprensaoficial.com.br/Certificacao/Certificador.aspx?link=%2f2019%2fdiario%2520oficial%2520cidade%2520de%2520sao%2520paulo%2fmarco%2f07%2fpag_0018_7d648f4849ca45366909fdee7c5ae889.pdf&pagina=18&data=07/03/2019&caderno=Di%C3%A1rio%20Oficial%20Cidade%20de%20S%C3%A3o%20Paulo",
        "st_deferimento_processo_administrativo": "Deferido",
        "qt_ciclo_vespertino": 2,
        "qt_ciclo_diurno": 5,
        "qt_total_ciclo_permitido": 7,
        "tx_observacao_heliponto": null
      }
    },
    {
      "type": "Feature",
      "id": "heliponto.13602",
      "geometry": {
        "type": "Point",
        "coordinates": [
          328367.9976,
          7390508.5738
        ]
      },
      "geometry_name": "ge_ponto",
      "properties": {
        "cd_identificador_heliponto": 13602,
        "cd_processo_administrativo_heliponto": "2016-0.270.574-3",
        "nm_empreendimento_heliponto": "Heliponto Patio Victor Malzoni",
        "tp_logradouro_heliponto": "Avenida",
        "nm_logradouro_heliponto": "Brigadeiro Faria Lima",
        "nr_endereco_heliponto": 3477,
        "nr_complementar_endereco_heliponto": null,
        "tx_complementar_endereco_heliponto": null,
        "nm_distrito_municipal": "ITAIM BIBI",
        "tx_endereco_heliponto": "SDVR",
        "cd_parecer_tecnico": "013/CADES/2018",
        "cd_parecer_decont": "029/DECONT-2/GTA-H/2018",
        "dt_publicacao_diario_oficial": "2018-09-25Z",
        "tx_link_diario_oficial": "https://www.imprensaoficial.com.br/Certificacao/Certificador.aspx?link=%2f2018%2fdiario%2520oficial%2520cidade%2520de%2520sao%2520paulo%2fsetembro%2f25%2fpag_0027_0aefd8af106648616a2e4958f0ec7c30.pdf&pagina=27&data=25/09/2018&caderno=Di%C3%A1rio%20Oficial%20Cidade%20de%20S%C3%A3o%20Paulo",
        "st_deferimento_processo_administrativo": "Deferido",
        "qt_ciclo_vespertino": 0,
        "qt_ciclo_diurno": 6,
        "qt_total_ciclo_permitido": 6,
        "tx_observacao_heliponto": null
      }
    },
    {
      "type": "Feature",
      "id": "heliponto.13603",
      "geometry": {
        "type": "Point",
        "coordinates": [
          331128.4188,
          7393102.4022
        ]
      },
      "geometry_name": "ge_ponto",
      "properties": {
        "cd_identificador_heliponto": 13603,
        "cd_processo_administrativo_heliponto": "2017-0.000.856-7",
        "nm_empreendimento_heliponto": "Heliponto SESI-FIESP",
        "tp_logradouro_heliponto": "Avenida",
        "nm_logradouro_heliponto": "Paulista",
        "nr_endereco_heliponto": 1313,
        "nr_complementar_endereco_heliponto": null,
        "tx_complementar_endereco_heliponto": null,
        "nm_distrito_municipal": "JARDIM PAULISTA",
        "tx_endereco_heliponto": "SDZR",
        "cd_parecer_tecnico": "011/CADES/2018",
        "cd_parecer_decont": "030/DECONT-2/GTA-H/2018",
        "dt_publicacao_diario_oficial": "2018-09-25Z",
        "tx_link_diario_oficial": "https://www.imprensaoficial.com.br/Certificacao/Certificador.aspx?link=%2f2018%2fdiario%2520oficial%2520cidade%2520de%2520sao%2520paulo%2fsetembro%2f25%2fpag_0027_0aefd8af106648616a2e4958f0ec7c30.pdf&pagina=27&data=25/09/2018&caderno=Di%C3%A1rio%20Oficial%20Cidade%20de%20S%C3%A3o%20Paulo",
        "st_deferimento_processo_administrativo": "Deferido",
        "qt_ciclo_vespertino": 0,
        "qt_ciclo_diurno": 3,
        "qt_total_ciclo_permitido": 3,
        "tx_observacao_heliponto": null
      }
    },
    {
      "type": "Feature",
      "id": "heliponto.13604",
      "geometry": {
        "type": "Point",
        "coordinates": [
          324284.1725,
          7383376.8976
        ]
      },
      "geometry_name": "ge_ponto",
      "properties": {
        "cd_identificador_heliponto": 13604,
        "cd_processo_administrativo_heliponto": "2017-0.021.740-9",
        "nm_empreendimento_heliponto": "Heliponto Hotel Transamérica",
        "tp_logradouro_heliponto": "Avenida",
        "nm_logradouro_heliponto": "das Nações Unidas",
        "nr_endereco_heliponto": 18591,
        "nr_complementar_endereco_heliponto": null,
        "tx_complementar_endereco_heliponto": null,
        "nm_distrito_municipal": "SANTO AMARO",
        "tx_endereco_heliponto": "SDUT",
        "cd_parecer_tecnico": "010/CADES/2018",
        "cd_parecer_decont": "026/DECONT-2/GTA-H/2018",
        "dt_publicacao_diario_oficial": "2018-09-25Z",
        "tx_link_diario_oficial": "https://www.imprensaoficial.com.br/Certificacao/Certificador.aspx?link=%2f2018%2fdiario%2520oficial%2520cidade%2520de%2520sao%2520paulo%2fsetembro%2f25%2fpag_0027_0aefd8af106648616a2e4958f0ec7c30.pdf&pagina=27&data=25/09/2018&caderno=Di%C3%A1rio%20Oficial%20Cidade%20de%20S%C3%A3o%20Paulo",
        "st_deferimento_processo_administrativo": "Deferido",
        "qt_ciclo_vespertino": 2,
        "qt_ciclo_diurno": 5,
        "qt_total_ciclo_permitido": 7,
        "tx_observacao_heliponto": null
      }
    },
    {
      "type": "Feature",
      "id": "heliponto.13605",
      "geometry": {
        "type": "Point",
        "coordinates": [
          325068.9436,
          7403751.8197
        ]
      },
      "geometry_name": "ge_ponto",
      "properties": {
        "cd_identificador_heliponto": 13605,
        "cd_processo_administrativo_heliponto": "2017-0.138.251-9",
        "nm_empreendimento_heliponto": "Heliponto DMR",
        "tp_logradouro_heliponto": "Rua",
        "nm_logradouro_heliponto": "Professor José Lourenço",
        "nr_endereco_heliponto": 836,
        "nr_complementar_endereco_heliponto": null,
        "tx_complementar_endereco_heliponto": null,
        "nm_distrito_municipal": "PIRITUBA",
        "tx_endereco_heliponto": null,
        "cd_parecer_tecnico": "002/CADES/2019",
        "cd_parecer_decont": "023/DECONT-2/GTA-H/2018",
        "dt_publicacao_diario_oficial": "2019-03-07Z",
        "tx_link_diario_oficial": "https://www.imprensaoficial.com.br/Certificacao/Certificador.aspx?link=%2f2019%2fdiario%2520oficial%2520cidade%2520de%2520sao%2520paulo%2fmarco%2f07%2fpag_0018_7d648f4849ca45366909fdee7c5ae889.pdf&pagina=18&data=07/03/2019&caderno=Di%C3%A1rio%20Oficial%20Cidade%20de%20S%C3%A3o%20Paulo",
        "st_deferimento_processo_administrativo": "Deferido",
        "qt_ciclo_vespertino": 0,
        "qt_ciclo_diurno": 2,
        "qt_total_ciclo_permitido": 2,
        "tx_observacao_heliponto": "Georreferenciado pelo projeto"
      }
    },
    {
      "type": "Feature",
      "id": "heliponto.13606",
      "geometry": {
        "type": "Point",
        "coordinates": [
          329775.6891,
          7398755.6124
        ]
      },
      "geometry_name": "ge_ponto",
      "properties": {
        "cd_identificador_heliponto": 13606,
        "cd_processo_administrativo_heliponto": "2012-0.197.323-2",
        "nm_empreendimento_heliponto": "Heliponto VIVICON",
        "tp_logradouro_heliponto": "Rua",
        "nm_logradouro_heliponto": "Samaritá",
        "nr_endereco_heliponto": 1117,
        "nr_complementar_endereco_heliponto": null,
        "tx_complementar_endereco_heliponto": null,
        "nm_distrito_municipal": "CASA VERDE",
        "tx_endereco_heliponto": "SJVC",
        "cd_parecer_tecnico": "057/CADES/2013",
        "cd_parecer_decont": "054/DECONT-2/GTAIA/2012",
        "dt_publicacao_diario_oficial": "2013-07-20Z",
        "tx_link_diario_oficial": "https://www.imprensaoficial.com.br/Certificacao/Certificador.aspx?link=%2f2013%2fdiario%2520oficial%2520cidade%2520de%2520sao%2520paulo%2fjulho%2f20%2fpag_0105_7OACEOSCAC6IFeDTIFDAMBQBJTO.pdf&pagina=105&data=20/07/2013&caderno=Di%C3%A1rio%20Oficial%20Cidade%20de%20S%C3%A3o%20Paulo",
        "st_deferimento_processo_administrativo": "Deferido",
        "qt_ciclo_vespertino": 0,
        "qt_ciclo_diurno": 6,
        "qt_total_ciclo_permitido": 6,
        "tx_observacao_heliponto": null
      }
    },
    {
      "type": "Feature",
      "id": "heliponto.13607",
      "geometry": {
        "type": "Point",
        "coordinates": [
          330648.1853,
          7393477.3518
        ]
      },
      "geometry_name": "ge_ponto",
      "properties": {
        "cd_identificador_heliponto": 13607,
        "cd_processo_administrativo_heliponto": "2012-0.352.018-9",
        "nm_empreendimento_heliponto": "Heliponto Parque Paulista",
        "tp_logradouro_heliponto": "Alameda",
        "nm_logradouro_heliponto": "Santos",
        "nr_endereco_heliponto": 1940,
        "nr_complementar_endereco_heliponto": null,
        "tx_complementar_endereco_heliponto": null,
        "nm_distrito_municipal": "JARDIM PAULISTA",
        "tx_endereco_heliponto": "SDPT",
        "cd_parecer_tecnico": "062/CADES/2013",
        "cd_parecer_decont": "034/DECONT-2/2013",
        "dt_publicacao_diario_oficial": "2013-09-11Z",
        "tx_link_diario_oficial": "https://www.imprensaoficial.com.br/Certificacao/Certificador.aspx?link=%2f2013%2fdiario%2520oficial%2520cidade%2520de%2520sao%2520paulo%2fsetembro%2f11%2fpag_0021_6JBR2GK3IQU6Qe38R343I7UDV1C.pdf&pagina=21&data=11/09/2013&caderno=Di%C3%A1rio%20Oficial%20Cidade%20de%20S%C3%A3o%20Paulo",
        "st_deferimento_processo_administrativo": "Indeferido",
        "qt_ciclo_vespertino": 0,
        "qt_ciclo_diurno": 0,
        "qt_total_ciclo_permitido": 0,
        "tx_observacao_heliponto": null
      }
    },
    {
      "type": "Feature",
      "id": "heliponto.13608",
      "geometry": {
        "type": "Point",
        "coordinates": [
          330965.7582,
          7393172.9646
        ]
      },
      "geometry_name": "ge_ponto",
      "properties": {
        "cd_identificador_heliponto": 13608,
        "cd_processo_administrativo_heliponto": "2018-0.065.641-2",
        "nm_empreendimento_heliponto": "Heliponto Banco SOFIZA - SSZE",
        "tp_logradouro_heliponto": "Alameda",
        "nm_logradouro_heliponto": "Santos",
        "nr_endereco_heliponto": 1496,
        "nr_complementar_endereco_heliponto": null,
        "tx_complementar_endereco_heliponto": null,
        "nm_distrito_municipal": "JARDIM PAULISTA",
        "tx_endereco_heliponto": "SSZE",
        "cd_parecer_tecnico": "024/CADES/2019",
        "cd_parecer_decont": "011/DECONT-2/GTA-H/2019",
        "dt_publicacao_diario_oficial": "2019-08-16Z",
        "tx_link_diario_oficial": "https://www.imprensaoficial.com.br/Certificacao/Certificador.aspx?link=%2f2019%2fdiario%2520oficial%2520cidade%2520de%2520sao%2520paulo%2fagosto%2f16%2fpag_0030_427deeb67bb60908a636152f959f9715.pdf&pagina=30&data=16/08/2019&caderno=Di%C3%A1rio%20Oficial%20Cidade%20de%20S%C3%A3o%20Paulo",
        "st_deferimento_processo_administrativo": "Deferido",
        "qt_ciclo_vespertino": 0,
        "qt_ciclo_diurno": 2,
        "qt_total_ciclo_permitido": 2,
        "tx_observacao_heliponto": null
      }
    },
    {
      "type": "Feature",
      "id": "heliponto.13609",
      "geometry": {
        "type": "Point",
        "coordinates": [
          334569.4064,
          7394565.2006
        ]
      },
      "geometry_name": "ge_ponto",
      "properties": {
        "cd_identificador_heliponto": 13609,
        "cd_processo_administrativo_heliponto": "2018-0.004.935-1",
        "nm_empreendimento_heliponto": "Heliponto Igreja Mundial Poder de Deus - IMPD",
        "tp_logradouro_heliponto": "Rua",
        "nm_logradouro_heliponto": "Carneiro Leão",
        "nr_endereco_heliponto": 439,
        "nr_complementar_endereco_heliponto": null,
        "tx_complementar_endereco_heliponto": null,
        "nm_distrito_municipal": "BRAS",
        "tx_endereco_heliponto": "IMPD",
        "cd_parecer_tecnico": "016/CADES/2019",
        "cd_parecer_decont": "010/DECONT-2/GTA-H/2019",
        "dt_publicacao_diario_oficial": "2019-06-07Z",
        "tx_link_diario_oficial": "https://www.imprensaoficial.com.br/Certificacao/Certificador.aspx?link=%2f2019%2fdiario%2520oficial%2520cidade%2520de%2520sao%2520paulo%2fjunho%2f07%2fpag_0034_049045bc3bf66abc48991d636e2db7aa.pdf&pagina=34&data=07/06/2019&caderno=Di%C3%A1rio%20Oficial%20Cidade%20de%20S%C3%A3o%20Paulo",
        "st_deferimento_processo_administrativo": "Deferido",
        "qt_ciclo_vespertino": 0,
        "qt_ciclo_diurno": 2,
        "qt_total_ciclo_permitido": 2,
        "tx_observacao_heliponto": null
      }
    },
    {
      "type": "Feature",
      "id": "heliponto.13610",
      "geometry": {
        "type": "Point",
        "coordinates": [
          331375.8259,
          7393741.5917
        ]
      },
      "geometry_name": "ge_ponto",
      "properties": {
        "cd_identificador_heliponto": 13610,
        "cd_processo_administrativo_heliponto": "2018-0.073.258-5",
        "nm_empreendimento_heliponto": "Heliponto FECOMERCIO II",
        "tp_logradouro_heliponto": "Rua",
        "nm_logradouro_heliponto": "Dr. Plínio Barreto",
        "nr_endereco_heliponto": 365,
        "nr_complementar_endereco_heliponto": null,
        "tx_complementar_endereco_heliponto": null,
        "nm_distrito_municipal": "BELA VISTA",
        "tx_endereco_heliponto": "SJFC",
        "cd_parecer_tecnico": "010/CADES/2019",
        "cd_parecer_decont": "032/DECONT-2/GTA-H/2018",
        "dt_publicacao_diario_oficial": "2019-06-05Z",
        "tx_link_diario_oficial": "https://www.imprensaoficial.com.br/Certificacao/Certificador.aspx?link=%2f2019%2fdiario%2520oficial%2520cidade%2520de%2520sao%2520paulo%2fjunho%2f05%2fpag_0027_37752f2185088abe0767fb74a0948b8f.pdf&pagina=27&data=05/06/2019&caderno=Di%C3%A1rio%20Oficial%20Cidade%20de%20S%C3%A3o%20Paulo",
        "st_deferimento_processo_administrativo": "Deferido",
        "qt_ciclo_vespertino": 2,
        "qt_ciclo_diurno": 5,
        "qt_total_ciclo_permitido": 7,
        "tx_observacao_heliponto": null
      }
    },
    {
      "type": "Feature",
      "id": "heliponto.13611",
      "geometry": {
        "type": "Point",
        "coordinates": [
          326896.0691,
          7386413.2343
        ]
      },
      "geometry_name": "ge_ponto",
      "properties": {
        "cd_identificador_heliponto": 13611,
        "cd_processo_administrativo_heliponto": "2013-0.085.763-0",
        "nm_empreendimento_heliponto": "Heliponto Condomínio Morumbi Office Tower",
        "tp_logradouro_heliponto": "Avenida",
        "nm_logradouro_heliponto": "Roque Petroni Jr",
        "nr_endereco_heliponto": 999,
        "nr_complementar_endereco_heliponto": null,
        "tx_complementar_endereco_heliponto": null,
        "nm_distrito_municipal": "SANTO AMARO",
        "tx_endereco_heliponto": null,
        "cd_parecer_tecnico": "058/CADES/2013",
        "cd_parecer_decont": "025/DECONT-2/GTAIA/2013",
        "dt_publicacao_diario_oficial": "2013-07-19Z",
        "tx_link_diario_oficial": "https://www.imprensaoficial.com.br/Certificacao/Certificador.aspx?link=%2f2013%2fdiario%2520oficial%2520cidade%2520de%2520sao%2520paulo%2fjulho%2f20%2fpag_0104_AQOQQK3QTMK2Te9T0VC9QDRPQP2.pdf&pagina=104&data=20/07/2013&caderno=Di%C3%A1rio%20Oficial%20Cidade%20de%20S%C3%A3o%20Paulo",
        "st_deferimento_processo_administrativo": "Deferido",
        "qt_ciclo_vespertino": 0,
        "qt_ciclo_diurno": 3,
        "qt_total_ciclo_permitido": 3,
        "tx_observacao_heliponto": null
      }
    },
    {
      "type": "Feature",
      "id": "heliponto.13612",
      "geometry": {
        "type": "Point",
        "coordinates": [
          325201,
          7383241
        ]
      },
      "geometry_name": "ge_ponto",
      "properties": {
        "cd_identificador_heliponto": 13612,
        "cd_processo_administrativo_heliponto": "6027.2019/0000334-5",
        "nm_empreendimento_heliponto": "Heliponto Banco Santander - SDNR",
        "tp_logradouro_heliponto": "Avenida",
        "nm_logradouro_heliponto": "Amador Bueno",
        "nr_endereco_heliponto": 474,
        "nr_complementar_endereco_heliponto": null,
        "tx_complementar_endereco_heliponto": null,
        "nm_distrito_municipal": "SANTO AMARO",
        "tx_endereco_heliponto": "SDNR",
        "cd_parecer_tecnico": "021/CADES/2019",
        "cd_parecer_decont": "006/DAIA/GT-H/2019",
        "dt_publicacao_diario_oficial": "2019-08-17Z",
        "tx_link_diario_oficial": "https://www.imprensaoficial.com.br/Certificacao/Certificador.aspx?link=%2f2019%2fdiario%2520oficial%2520cidade%2520de%2520sao%2520paulo%2fagosto%2f17%2fpag_0043_6c7df77c06382a7b2bacc1909833250c.pdf&pagina=43&data=17/08/2019&caderno=Di%C3%A1rio%20Oficial%20Cidade%20de%20S%C3%A3o%20Paulo",
        "st_deferimento_processo_administrativo": "Deferido",
        "qt_ciclo_vespertino": 1,
        "qt_ciclo_diurno": 9,
        "qt_total_ciclo_permitido": 10,
        "tx_observacao_heliponto": null
      }
    },
    {
      "type": "Feature",
      "id": "heliponto.13613",
      "geometry": {
        "type": "Point",
        "coordinates": [
          331178.6645,
          7393260.524
        ]
      },
      "geometry_name": "ge_ponto",
      "properties": {
        "cd_identificador_heliponto": 13613,
        "cd_processo_administrativo_heliponto": "2015-0.046.369-4",
        "nm_empreendimento_heliponto": "Heliponto Brazilian Financial Center",
        "tp_logradouro_heliponto": "Avenida",
        "nm_logradouro_heliponto": "Paulista",
        "nr_endereco_heliponto": 1374,
        "nr_complementar_endereco_heliponto": null,
        "tx_complementar_endereco_heliponto": null,
        "nm_distrito_municipal": "BELA VISTA",
        "tx_endereco_heliponto": "SDBL",
        "cd_parecer_tecnico": "035/CADES/2015",
        "cd_parecer_decont": "192/DECONT-2/GTAIA/2015",
        "dt_publicacao_diario_oficial": "2015-12-23Z",
        "tx_link_diario_oficial": "https://www.imprensaoficial.com.br/Certificacao/Certificador.aspx?link=%2f2015%2fdiario%2520oficial%2520cidade%2520de%2520sao%2520paulo%2fdezembro%2f23%2fpag_0027_0UO6BFJSJR1RGe5EOEIOF04PE0F.pdf&pagina=27&data=23/12/2015&caderno=Di%C3%A1rio%20Oficial%20Cidade%20de%20S%C3%A3o%20Paulo",
        "st_deferimento_processo_administrativo": "Indeferido",
        "qt_ciclo_vespertino": 0,
        "qt_ciclo_diurno": 0,
        "qt_total_ciclo_permitido": 0,
        "tx_observacao_heliponto": null
      }
    },
    {
      "type": "Feature",
      "id": "heliponto.13614",
      "geometry": {
        "type": "Point",
        "coordinates": [
          323837.1348,
          7406846.6049
        ]
      },
      "geometry_name": "ge_ponto",
      "properties": {
        "cd_identificador_heliponto": 13614,
        "cd_processo_administrativo_heliponto": "2013-0.042.431-8",
        "nm_empreendimento_heliponto": "Heliponto Ortossintese Indústria e Comércio Ltda",
        "tp_logradouro_heliponto": "Rua",
        "nm_logradouro_heliponto": "Professor Affonso José Fioravanti",
        "nr_endereco_heliponto": 63,
        "nr_complementar_endereco_heliponto": null,
        "tx_complementar_endereco_heliponto": null,
        "nm_distrito_municipal": "JARAGUA",
        "tx_endereco_heliponto": "SJBE",
        "cd_parecer_tecnico": "046/CADES/2013",
        "cd_parecer_decont": "021/DECONT-2/GTAIA/2013",
        "dt_publicacao_diario_oficial": "2013-05-11Z",
        "tx_link_diario_oficial": "https://www.imprensaoficial.com.br/Certificacao/Certificador.aspx?link=%2f2013%2fdiario%2520oficial%2520cidade%2520de%2520sao%2520paulo%2fmaio%2f11%2fpag_0027_FSJJQJB9BK8DKeBTRG474VKC722.pdf&pagina=27&data=11/05/2013&caderno=Di%C3%A1rio%20Oficial%20Cidade%20de%20S%C3%A3o%20Paulo",
        "st_deferimento_processo_administrativo": "Deferido",
        "qt_ciclo_vespertino": 0,
        "qt_ciclo_diurno": 1,
        "qt_total_ciclo_permitido": 1,
        "tx_observacao_heliponto": null
      }
    },
    {
      "type": "Feature",
      "id": "heliponto.13615",
      "geometry": {
        "type": "Point",
        "coordinates": [
          331298.5767,
          7393133.6653
        ]
      },
      "geometry_name": "ge_ponto",
      "properties": {
        "cd_identificador_heliponto": 13615,
        "cd_processo_administrativo_heliponto": "6027.2018/0004990-4",
        "nm_empreendimento_heliponto": "Heliponto Ed. Conde Fco Matarazzo",
        "tp_logradouro_heliponto": "Avenida",
        "nm_logradouro_heliponto": "Paulista",
        "nr_endereco_heliponto": 1230,
        "nr_complementar_endereco_heliponto": null,
        "tx_complementar_endereco_heliponto": null,
        "nm_distrito_municipal": "BELA VISTA",
        "tx_endereco_heliponto": "SDUV",
        "cd_parecer_tecnico": "020/CADES/2019",
        "cd_parecer_decont": "039/DAIA/GT-H/2019",
        "dt_publicacao_diario_oficial": "2019-08-17Z",
        "tx_link_diario_oficial": "https://www.imprensaoficial.com.br/Certificacao/Certificador.aspx?link=%2f2019%2fdiario%2520oficial%2520cidade%2520de%2520sao%2520paulo%2fagosto%2f17%2fpag_0043_6c7df77c06382a7b2bacc1909833250c.pdf&pagina=43&data=17/08/2019&caderno=Di%C3%A1rio%20Oficial%20Cidade%20de%20S%C3%A3o%20Paulo",
        "st_deferimento_processo_administrativo": "Deferido",
        "qt_ciclo_vespertino": 3,
        "qt_ciclo_diurno": 7,
        "qt_total_ciclo_permitido": 10,
        "tx_observacao_heliponto": null
      }
    },
    {
      "type": "Feature",
      "id": "heliponto.13616",
      "geometry": {
        "type": "Point",
        "coordinates": [
          328221.8492,
          7390912.3961
        ]
      },
      "geometry_name": "ge_ponto",
      "properties": {
        "cd_identificador_heliponto": 13616,
        "cd_processo_administrativo_heliponto": "2013-0.049.089-2",
        "nm_empreendimento_heliponto": "Heliponto Edifício Milennium",
        "tp_logradouro_heliponto": "Avenida",
        "nm_logradouro_heliponto": "Brigadeiro Faria Lima",
        "nr_endereco_heliponto": 3015,
        "nr_complementar_endereco_heliponto": null,
        "tx_complementar_endereco_heliponto": null,
        "nm_distrito_municipal": "ITAIM BIBI",
        "tx_endereco_heliponto": "SDUJ",
        "cd_parecer_tecnico": "061/CADES/2013",
        "cd_parecer_decont": "035/DECONT-2/2013",
        "dt_publicacao_diario_oficial": "2013-09-11Z",
        "tx_link_diario_oficial": "https://www.imprensaoficial.com.br/Certificacao/Certificador.aspx?link=%2f2013%2fdiario%2520oficial%2520cidade%2520de%2520sao%2520paulo%2fsetembro%2f11%2fpag_0021_6JBR2GK3IQU6Qe38R343I7UDV1C.pdf&pagina=21&data=11/09/2013&caderno=Di%C3%A1rio%20Oficial%20Cidade%20de%20S%C3%A3o%20Paulo",
        "st_deferimento_processo_administrativo": "Indeferido",
        "qt_ciclo_vespertino": 0,
        "qt_ciclo_diurno": 0,
        "qt_total_ciclo_permitido": 0,
        "tx_observacao_heliponto": null
      }
    },
    {
      "type": "Feature",
      "id": "heliponto.13617",
      "geometry": {
        "type": "Point",
        "coordinates": [
          327833.3234,
          7389903.3533
        ]
      },
      "geometry_name": "ge_ponto",
      "properties": {
        "cd_identificador_heliponto": 13617,
        "cd_processo_administrativo_heliponto": "2012-0.223.569-3",
        "nm_empreendimento_heliponto": "Heliponto VIOL SPE S.A (Camargo Correa)",
        "tp_logradouro_heliponto": "Rua",
        "nm_logradouro_heliponto": "Funchal",
        "nr_endereco_heliponto": 160,
        "nr_complementar_endereco_heliponto": null,
        "tx_complementar_endereco_heliponto": null,
        "nm_distrito_municipal": "ITAIM BIBI",
        "tx_endereco_heliponto": null,
        "cd_parecer_tecnico": "059/CADES/2013",
        "cd_parecer_decont": "030/DECONT-2/2013",
        "dt_publicacao_diario_oficial": "2013-07-20Z",
        "tx_link_diario_oficial": "https://www.imprensaoficial.com.br/Certificacao/Certificador.aspx?link=%2f2013%2fdiario%2520oficial%2520cidade%2520de%2520sao%2520paulo%2fjulho%2f20%2fpag_0104_AQOQQK3QTMK2Te9T0VC9QDRPQP2.pdf&pagina=104&data=20/07/2013&caderno=Di%C3%A1rio%20Oficial%20Cidade%20de%20S%C3%A3o%20Paulo",
        "st_deferimento_processo_administrativo": "Deferido",
        "qt_ciclo_vespertino": 0,
        "qt_ciclo_diurno": 3,
        "qt_total_ciclo_permitido": 3,
        "tx_observacao_heliponto": null
      }
    },
    {
      "type": "Feature",
      "id": "heliponto.13618",
      "geometry": {
        "type": "Point",
        "coordinates": [
          328364.9594,
          7391033.9728
        ]
      },
      "geometry_name": "ge_ponto",
      "properties": {
        "cd_identificador_heliponto": 13618,
        "cd_processo_administrativo_heliponto": "2010-0.099.975-7",
        "nm_empreendimento_heliponto": "Heliponto Condomínio Edifício Itaquerê",
        "tp_logradouro_heliponto": "Rua",
        "nm_logradouro_heliponto": "Campos Bicudo",
        "nr_endereco_heliponto": 98,
        "nr_complementar_endereco_heliponto": null,
        "tx_complementar_endereco_heliponto": null,
        "nm_distrito_municipal": "ITAIM BIBI",
        "tx_endereco_heliponto": null,
        "cd_parecer_tecnico": "044/CADES/2013",
        "cd_parecer_decont": "010/DECONT-2/2013",
        "dt_publicacao_diario_oficial": "2013-05-22Z",
        "tx_link_diario_oficial": "https://www.imprensaoficial.com.br/Certificacao/Certificador.aspx?link=%2f2013%2fdiario%2520oficial%2520cidade%2520de%2520sao%2520paulo%2fmaio%2f22%2fpag_0023_8DK297318EF3MeA8MKN0NRBVHR0.pdf&pagina=23&data=22/05/2013&caderno=Di%C3%A1rio%20Oficial%20Cidade%20de%20S%C3%A3o%20Paulo",
        "st_deferimento_processo_administrativo": "Indeferido",
        "qt_ciclo_vespertino": 0,
        "qt_ciclo_diurno": 0,
        "qt_total_ciclo_permitido": 0,
        "tx_observacao_heliponto": null
      }
    },
    {
      "type": "Feature",
      "id": "heliponto.13619",
      "geometry": {
        "type": "Point",
        "coordinates": [
          332270.1973,
          7392441.5094
        ]
      },
      "geometry_name": "ge_ponto",
      "properties": {
        "cd_identificador_heliponto": 13619,
        "cd_processo_administrativo_heliponto": "2012-0.350.495-7",
        "nm_empreendimento_heliponto": "Heliponto do Hospital Alemão Oswaldo Cruz",
        "tp_logradouro_heliponto": "Rua",
        "nm_logradouro_heliponto": "João Julião",
        "nr_endereco_heliponto": 331,
        "nr_complementar_endereco_heliponto": null,
        "tx_complementar_endereco_heliponto": null,
        "nm_distrito_municipal": "BELA VISTA",
        "tx_endereco_heliponto": "SIOW",
        "cd_parecer_tecnico": "040/CADES/2013",
        "cd_parecer_decont": "002/DECONT-2/2013",
        "dt_publicacao_diario_oficial": "2013-04-11Z",
        "tx_link_diario_oficial": "https://www.imprensaoficial.com.br/Certificacao/Certificador.aspx?link=%2f2013%2fdiario%2520oficial%2520cidade%2520de%2520sao%2520paulo%2fabril%2f11%2fpag_0031_497RQFMC8N40He828Q2JLIE0PO8.pdf&pagina=31&data=11/04/2013&caderno=Di%C3%A1rio%20Oficial%20Cidade%20de%20S%C3%A3o%20Paulo",
        "st_deferimento_processo_administrativo": "Deferido",
        "qt_ciclo_vespertino": 0,
        "qt_ciclo_diurno": 8,
        "qt_total_ciclo_permitido": 8,
        "tx_observacao_heliponto": "No Parecer GTAIA foi definido 8 ciclos dia"
      }
    },
    {
      "type": "Feature",
      "id": "heliponto.13620",
      "geometry": {
        "type": "Point",
        "coordinates": [
          327146.881,
          7398940.0609
        ]
      },
      "geometry_name": "ge_ponto",
      "properties": {
        "cd_identificador_heliponto": 13620,
        "cd_processo_administrativo_heliponto": "2011-0.119.903-9",
        "nm_empreendimento_heliponto": "Heliponto EMBRASE – Empresa Brasileira de Segurança e Vigilância",
        "tp_logradouro_heliponto": "Avenida",
        "nm_logradouro_heliponto": "Santa Marina",
        "nr_endereco_heliponto": 1560,
        "nr_complementar_endereco_heliponto": null,
        "tx_complementar_endereco_heliponto": null,
        "nm_distrito_municipal": "BARRA FUNDA",
        "tx_endereco_heliponto": "SIXC",
        "cd_parecer_tecnico": "003/CADES/2012",
        "cd_parecer_decont": "048/DECONT.2/2011",
        "dt_publicacao_diario_oficial": "2012-02-09Z",
        "tx_link_diario_oficial": "https://www.imprensaoficial.com.br/Certificacao/Certificador.aspx?link=%2f2012%2fdiario%2520oficial%2520cidade%2520de%2520sao%2520paulo%2ffevereiro%2f09%2fpag_0026_AGF9PE0FVE6T8e42J7NI4R8TOIS.pdf&pagina=26&data=09/02/2012&caderno=Di%C3%A1rio%20Oficial%20Cidade%20de%20S%C3%A3o%20Paulo",
        "st_deferimento_processo_administrativo": "Deferido",
        "qt_ciclo_vespertino": 0,
        "qt_ciclo_diurno": 3,
        "qt_total_ciclo_permitido": 3,
        "tx_observacao_heliponto": "Quantidade de ciclos definido no PT do DECONT-2"
      }
    },
    {
      "type": "Feature",
      "id": "heliponto.13621",
      "geometry": {
        "type": "Point",
        "coordinates": [
          330820.4683,
          7391696.519
        ]
      },
      "geometry_name": "ge_ponto",
      "properties": {
        "cd_identificador_heliponto": 13621,
        "cd_processo_administrativo_heliponto": "2013-0.354.515-9",
        "nm_empreendimento_heliponto": "Heliponto Itaú Unibanco",
        "tp_logradouro_heliponto": "Avenida",
        "nm_logradouro_heliponto": "Brigadeiro Luiz Antônio",
        "nr_endereco_heliponto": 3595,
        "nr_complementar_endereco_heliponto": null,
        "tx_complementar_endereco_heliponto": null,
        "nm_distrito_municipal": "MOEMA",
        "tx_endereco_heliponto": "SDIT",
        "cd_parecer_tecnico": "034/CADES/2015",
        "cd_parecer_decont": "208/DECONT-2/GTAIA/2015",
        "dt_publicacao_diario_oficial": "2015-12-23Z",
        "tx_link_diario_oficial": "https://www.imprensaoficial.com.br/Certificacao/Certificador.aspx?link=%2f2015%2fdiario%2520oficial%2520cidade%2520de%2520sao%2520paulo%2fdezembro%2f23%2fpag_0026_BO4C5TQ6F1D2Le467BI2R9V0RM6.pdf&pagina=26&data=23/12/2015&caderno=Di%C3%A1rio%20Oficial%20Cidade%20de%20S%C3%A3o%20Paulo",
        "st_deferimento_processo_administrativo": "Indeferido",
        "qt_ciclo_vespertino": 0,
        "qt_ciclo_diurno": 0,
        "qt_total_ciclo_permitido": 0,
        "tx_observacao_heliponto": null
      }
    },
    {
      "type": "Feature",
      "id": "heliponto.13622",
      "geometry": {
        "type": "Point",
        "coordinates": [
          332447.7363,
          7392020.9037
        ]
      },
      "geometry_name": "ge_ponto",
      "properties": {
        "cd_identificador_heliponto": 13622,
        "cd_processo_administrativo_heliponto": "2013-0.335.002-1",
        "nm_empreendimento_heliponto": "Heliponto Condominio Edifício Paulista Plaza ",
        "tp_logradouro_heliponto": "Rua",
        "nm_logradouro_heliponto": "do Paraíso",
        "nr_endereco_heliponto": 148,
        "nr_complementar_endereco_heliponto": null,
        "tx_complementar_endereco_heliponto": null,
        "nm_distrito_municipal": "VILA MARIANA",
        "tx_endereco_heliponto": "SIGO",
        "cd_parecer_tecnico": "019/CADES/2015",
        "cd_parecer_decont": "106/DECONT-2/GTAIA/2015",
        "dt_publicacao_diario_oficial": "2015-07-08Z",
        "tx_link_diario_oficial": "https://www.imprensaoficial.com.br/Certificacao/Certificador.aspx?link=%2f2015%2fdiario%2520oficial%2520cidade%2520de%2520sao%2520paulo%2fjulho%2f08%2fpag_0037_9DP8EJK4KAGMHeBFATDK4A79B5J.pdf&pagina=37&data=08/07/2015&caderno=Di%C3%A1rio%20Oficial%20Cidade%20de%20S%C3%A3o%20Paulo",
        "st_deferimento_processo_administrativo": "Indeferido",
        "qt_ciclo_vespertino": 0,
        "qt_ciclo_diurno": 0,
        "qt_total_ciclo_permitido": 0,
        "tx_observacao_heliponto": "recurso"
      }
    },
    {
      "type": "Feature",
      "id": "heliponto.13623",
      "geometry": {
        "type": "Point",
        "coordinates": [
          340946.9786,
          7394847.8423
        ]
      },
      "geometry_name": "ge_ponto",
      "properties": {
        "cd_identificador_heliponto": 13623,
        "cd_processo_administrativo_heliponto": "2011-0.083.629-9",
        "nm_empreendimento_heliponto": "Heliponto do Hospital e Maternidade Anália Franco",
        "tp_logradouro_heliponto": "Rua",
        "nm_logradouro_heliponto": "Francisco Marengo",
        "nr_endereco_heliponto": 1312,
        "nr_complementar_endereco_heliponto": null,
        "tx_complementar_endereco_heliponto": null,
        "nm_distrito_municipal": "TATUAPE",
        "tx_endereco_heliponto": "SSUF",
        "cd_parecer_tecnico": "002/CADES/2012",
        "cd_parecer_decont": "049/DECONT.2/2011",
        "dt_publicacao_diario_oficial": "2012-02-09Z",
        "tx_link_diario_oficial": "https://www.imprensaoficial.com.br/Certificacao/Certificador.aspx?link=%2f2012%2fdiario%2520oficial%2520cidade%2520de%2520sao%2520paulo%2ffevereiro%2f09%2fpag_0026_AGF9PE0FVE6T8e42J7NI4R8TOIS.pdf&pagina=26&data=09/02/2012&caderno=Di%C3%A1rio%20Oficial%20Cidade%20de%20S%C3%A3o%20Paulo",
        "st_deferimento_processo_administrativo": "Deferido",
        "qt_ciclo_vespertino": 0,
        "qt_ciclo_diurno": 3,
        "qt_total_ciclo_permitido": 3,
        "tx_observacao_heliponto": null
      }
    },
    {
      "type": "Feature",
      "id": "heliponto.13624",
      "geometry": {
        "type": "Point",
        "coordinates": [
          324902.1109,
          7390453.0809
        ]
      },
      "geometry_name": "ge_ponto",
      "properties": {
        "cd_identificador_heliponto": 13624,
        "cd_processo_administrativo_heliponto": "2015-0.163.081-0",
        "nm_empreendimento_heliponto": "Heliponto Valério",
        "tp_logradouro_heliponto": "Rua",
        "nm_logradouro_heliponto": "Padre Eugenio Lopes",
        "nr_endereco_heliponto": 361,
        "nr_complementar_endereco_heliponto": null,
        "tx_complementar_endereco_heliponto": null,
        "nm_distrito_municipal": "MORUMBI",
        "tx_endereco_heliponto": null,
        "cd_parecer_tecnico": "028/CADES/2015",
        "cd_parecer_decont": "161/DECONT-2/GTAIA/2015 ",
        "dt_publicacao_diario_oficial": "2015-11-11Z",
        "tx_link_diario_oficial": "https://www.imprensaoficial.com.br/Certificacao/Certificador.aspx?link=%2f2015%2fdiario%2520oficial%2520cidade%2520de%2520sao%2520paulo%2fnovembro%2f11%2fpag_0028_8ENALP5F7S96He0OHNFEQ9N30DS.pdf&pagina=28&data=11/11/2015&caderno=Di%C3%A1rio%20Oficial%20Cidade%20de%20S%C3%A3o%20Paulo",
        "st_deferimento_processo_administrativo": "Indeferido",
        "qt_ciclo_vespertino": 0,
        "qt_ciclo_diurno": 0,
        "qt_total_ciclo_permitido": 0,
        "tx_observacao_heliponto": null
      }
    },
    {
      "type": "Feature",
      "id": "heliponto.13625",
      "geometry": {
        "type": "Point",
        "coordinates": [
          324206.9301,
          7394375.194
        ]
      },
      "geometry_name": "ge_ponto",
      "properties": {
        "cd_identificador_heliponto": 13625,
        "cd_processo_administrativo_heliponto": "2012-0.004.435-1",
        "nm_empreendimento_heliponto": "Heliponto Condomínio Comercial Villa Lobos (Ônix)",
        "tp_logradouro_heliponto": "Avenida",
        "nm_logradouro_heliponto": "das Nações Unidas",
        "nr_endereco_heliponto": 4777,
        "nr_complementar_endereco_heliponto": null,
        "tx_complementar_endereco_heliponto": null,
        "nm_distrito_municipal": "ALTO DE PINHEIROS",
        "tx_endereco_heliponto": "SDON",
        "cd_parecer_tecnico": "018/CADES/2012",
        "cd_parecer_decont": "016/DECONT.2/GTAIA/2012",
        "dt_publicacao_diario_oficial": "2012-04-25Z",
        "tx_link_diario_oficial": "https://www.imprensaoficial.com.br/Certificacao/Certificador.aspx?link=%2f2012%2fdiario%2520oficial%2520cidade%2520de%2520sao%2520paulo%2fabril%2f25%2fpag_0079_BLBE9GIAGVM2LeCBRS89JD0FITT.pdf&pagina=79&data=25/04/2012&caderno=Di%C3%A1rio%20Oficial%20Cidade%20de%20S%C3%A3o%20Paulo",
        "st_deferimento_processo_administrativo": "Deferido",
        "qt_ciclo_vespertino": 0,
        "qt_ciclo_diurno": 4,
        "qt_total_ciclo_permitido": 4,
        "tx_observacao_heliponto": null
      }
    },
    {
      "type": "Feature",
      "id": "heliponto.13626",
      "geometry": {
        "type": "Point",
        "coordinates": [
          328525.9641,
          7390614.3011
        ]
      },
      "geometry_name": "ge_ponto",
      "properties": {
        "cd_identificador_heliponto": 13626,
        "cd_processo_administrativo_heliponto": "2011-0.270.179-0",
        "nm_empreendimento_heliponto": "Heliponto Bertolucci",
        "tp_logradouro_heliponto": "Rua",
        "nm_logradouro_heliponto": "Joaquim Floriano",
        "nr_endereco_heliponto": 1052,
        "nr_complementar_endereco_heliponto": null,
        "tx_complementar_endereco_heliponto": null,
        "nm_distrito_municipal": "ITAIM BIBI",
        "tx_endereco_heliponto": "SDVR",
        "cd_parecer_tecnico": "017/CADES/2012",
        "cd_parecer_decont": "010/DECONT.2/GTAIA/2012",
        "dt_publicacao_diario_oficial": "2012-04-25Z",
        "tx_link_diario_oficial": "https://www.imprensaoficial.com.br/Certificacao/Certificador.aspx?link=%2f2012%2fdiario%2520oficial%2520cidade%2520de%2520sao%2520paulo%2fabril%2f25%2fpag_0074_C0K5S004J7PJ2e23OUUOS1UAPFG.pdf&pagina=74&data=25/04/2012&caderno=Di%C3%A1rio%20Oficial%20Cidade%20de%20S%C3%A3o%20Paulo",
        "st_deferimento_processo_administrativo": "Deferido",
        "qt_ciclo_vespertino": 0,
        "qt_ciclo_diurno": 6,
        "qt_total_ciclo_permitido": 6,
        "tx_observacao_heliponto": null
      }
    },
    {
      "type": "Feature",
      "id": "heliponto.13627",
      "geometry": {
        "type": "Point",
        "coordinates": [
          327113.1188,
          7388086.0574
        ]
      },
      "geometry_name": "ge_ponto",
      "properties": {
        "cd_identificador_heliponto": 13627,
        "cd_processo_administrativo_heliponto": "2012-0.048.196-4",
        "nm_empreendimento_heliponto": "Heliponto Condomínio REC Berrini (frente para a Av. Luiz Carlos Berrini",
        "tp_logradouro_heliponto": "Avenida",
        "nm_logradouro_heliponto": "Luiz Carlos Berrini",
        "nr_endereco_heliponto": 1376,
        "nr_complementar_endereco_heliponto": null,
        "tx_complementar_endereco_heliponto": null,
        "nm_distrito_municipal": "ITAIM BIBI",
        "tx_endereco_heliponto": "SDBR",
        "cd_parecer_tecnico": "019/CADES/2012",
        "cd_parecer_decont": "017/DECONT.2/GTAIA/2012",
        "dt_publicacao_diario_oficial": "2012-04-25Z",
        "tx_link_diario_oficial": "https://www.imprensaoficial.com.br/Certificacao/Certificador.aspx?link=%2f2012%2fdiario%2520oficial%2520cidade%2520de%2520sao%2520paulo%2fabril%2f25%2fpag_0079_BLBE9GIAGVM2LeCBRS89JD0FITT.pdf&pagina=79&data=25/04/2012&caderno=Di%C3%A1rio%20Oficial%20Cidade%20de%20S%C3%A3o%20Paulo",
        "st_deferimento_processo_administrativo": "Deferido",
        "qt_ciclo_vespertino": 0,
        "qt_ciclo_diurno": 3,
        "qt_total_ciclo_permitido": 3,
        "tx_observacao_heliponto": null
      }
    },
    {
      "type": "Feature",
      "id": "heliponto.13628",
      "geometry": {
        "type": "Point",
        "coordinates": [
          328295.569,
          7389997.6195
        ]
      },
      "geometry_name": "ge_ponto",
      "properties": {
        "cd_identificador_heliponto": 13628,
        "cd_processo_administrativo_heliponto": "2011-0.202.053-9",
        "nm_empreendimento_heliponto": "Heliponto JK 1455",
        "tp_logradouro_heliponto": "Avenida",
        "nm_logradouro_heliponto": "Presidente Juscelino Kubitschek",
        "nr_endereco_heliponto": 1455,
        "nr_complementar_endereco_heliponto": null,
        "tx_complementar_endereco_heliponto": null,
        "nm_distrito_municipal": "ITAIM BIBI",
        "tx_endereco_heliponto": "SSKL",
        "cd_parecer_tecnico": "015/CADES/2012",
        "cd_parecer_decont": "012/DECONT-2/GTAIA/2012",
        "dt_publicacao_diario_oficial": "2012-04-25Z",
        "tx_link_diario_oficial": "https://www.imprensaoficial.com.br/Certificacao/Certificador.aspx?link=%2f2012%2fdiario%2520oficial%2520cidade%2520de%2520sao%2520paulo%2fabril%2f25%2fpag_0073_DKJPRHPHTL9K4e25UMTKGRLHTIA.pdf&pagina=73&data=25/04/2012&caderno=Di%C3%A1rio%20Oficial%20Cidade%20de%20S%C3%A3o%20Paulo",
        "st_deferimento_processo_administrativo": "Deferido",
        "qt_ciclo_vespertino": 0,
        "qt_ciclo_diurno": 2,
        "qt_total_ciclo_permitido": 2,
        "tx_observacao_heliponto": null
      }
    },
    {
      "type": "Feature",
      "id": "heliponto.13629",
      "geometry": {
        "type": "Point",
        "coordinates": [
          327752.6928,
          7391820.006
        ]
      },
      "geometry_name": "ge_ponto",
      "properties": {
        "cd_identificador_heliponto": 13629,
        "cd_processo_administrativo_heliponto": "2012-0.086.256-9",
        "nm_empreendimento_heliponto": "Heliponto San Paolo",
        "tp_logradouro_heliponto": "Avenida",
        "nm_logradouro_heliponto": "Brigadeiro Faria Lima",
        "nr_endereco_heliponto": 2055,
        "nr_complementar_endereco_heliponto": null,
        "tx_complementar_endereco_heliponto": null,
        "nm_distrito_municipal": "PINHEIROS",
        "tx_endereco_heliponto": "SDFW",
        "cd_parecer_tecnico": "021/CADES/2012",
        "cd_parecer_decont": "020/DECONT.2/GTAIA/2012",
        "dt_publicacao_diario_oficial": "2012-06-16Z",
        "tx_link_diario_oficial": "https://www.imprensaoficial.com.br/Certificacao/Certificador.aspx?link=%2f2012%2fdiario%2520oficial%2520cidade%2520de%2520sao%2520paulo%2fjunho%2f16%2fpag_0031_55Q1IG7C0ANR9e1VFD33BR467NQ.pdf&pagina=31&data=16/06/2012&caderno=Di%C3%A1rio%20Oficial%20Cidade%20de%20S%C3%A3o%20Paulo",
        "st_deferimento_processo_administrativo": "Deferido",
        "qt_ciclo_vespertino": 0,
        "qt_ciclo_diurno": 3,
        "qt_total_ciclo_permitido": 3,
        "tx_observacao_heliponto": null
      }
    },
    {
      "type": "Feature",
      "id": "heliponto.13630",
      "geometry": {
        "type": "Point",
        "coordinates": [
          331908.9805,
          7392444.0735
        ]
      },
      "geometry_name": "ge_ponto",
      "properties": {
        "cd_identificador_heliponto": 13630,
        "cd_processo_administrativo_heliponto": "2011-0.203.769-5",
        "nm_empreendimento_heliponto": "Heliponto Edifício Santa Catarina",
        "tp_logradouro_heliponto": "Avenida",
        "nm_logradouro_heliponto": "Paulista",
        "nr_endereco_heliponto": 283,
        "nr_complementar_endereco_heliponto": null,
        "tx_complementar_endereco_heliponto": null,
        "nm_distrito_municipal": "VILA MARIANA",
        "tx_endereco_heliponto": null,
        "cd_parecer_tecnico": "006/CADES/2012",
        "cd_parecer_decont": "051/DECONT.2/2011",
        "dt_publicacao_diario_oficial": "2012-02-09Z",
        "tx_link_diario_oficial": "https://www.imprensaoficial.com.br/Certificacao/Certificador.aspx?link=%2f2012%2fdiario%2520oficial%2520cidade%2520de%2520sao%2520paulo%2ffevereiro%2f09%2fpag_0027_0MER4BN6TOJ8Re2QQ7R73TAARAN.pdf&pagina=27&data=09/02/2012&caderno=Di%C3%A1rio%20Oficial%20Cidade%20de%20S%C3%A3o%20Paulo",
        "st_deferimento_processo_administrativo": "Indeferido",
        "qt_ciclo_vespertino": 0,
        "qt_ciclo_diurno": 0,
        "qt_total_ciclo_permitido": 0,
        "tx_observacao_heliponto": null
      }
    },
    {
      "type": "Feature",
      "id": "heliponto.13631",
      "geometry": {
        "type": "Point",
        "coordinates": [
          333458.6414,
          7401818.3296
        ]
      },
      "geometry_name": "ge_ponto",
      "properties": {
        "cd_identificador_heliponto": 13631,
        "cd_processo_administrativo_heliponto": "2012-0.056.934-9",
        "nm_empreendimento_heliponto": "Heliponto Conjunto Hospitalar do Mandaqui",
        "tp_logradouro_heliponto": "Avenida",
        "nm_logradouro_heliponto": "Voluntários da Pátria",
        "nr_endereco_heliponto": 4301,
        "nr_complementar_endereco_heliponto": null,
        "tx_complementar_endereco_heliponto": null,
        "nm_distrito_municipal": "SANTANA",
        "tx_endereco_heliponto": "SWHX",
        "cd_parecer_tecnico": "025/CADES/2012",
        "cd_parecer_decont": "043/DECONT-2/2012",
        "dt_publicacao_diario_oficial": "2012-08-15Z",
        "tx_link_diario_oficial": "https://www.imprensaoficial.com.br/Certificacao/Certificador.aspx?link=%2f2012%2fdiario%2520oficial%2520cidade%2520de%2520sao%2520paulo%2fagosto%2f15%2fpag_0036_9VG4O16IFA52Ue7FF9DK52NGBSJ.pdf&pagina=36&data=15/08/2012&caderno=Di%C3%A1rio%20Oficial%20Cidade%20de%20S%C3%A3o%20Paulo",
        "st_deferimento_processo_administrativo": "Deferido",
        "qt_ciclo_vespertino": 0,
        "qt_ciclo_diurno": 16,
        "qt_total_ciclo_permitido": 16,
        "tx_observacao_heliponto": null
      }
    },
    {
      "type": "Feature",
      "id": "heliponto.13632",
      "geometry": {
        "type": "Point",
        "coordinates": [
          352115.064,
          7402175.9392
        ]
      },
      "geometry_name": "ge_ponto",
      "properties": {
        "cd_identificador_heliponto": 13632,
        "cd_processo_administrativo_heliponto": "2011-0.364.111-1",
        "nm_empreendimento_heliponto": "Heliponto ETE São Miguel – SABESP",
        "tp_logradouro_heliponto": "Avenida",
        "nm_logradouro_heliponto": "Nitroquímica",
        "nr_endereco_heliponto": 0,
        "nr_complementar_endereco_heliponto": null,
        "tx_complementar_endereco_heliponto": null,
        "nm_distrito_municipal": "SAO MIGUEL",
        "tx_endereco_heliponto": null,
        "cd_parecer_tecnico": "009/CADES/2012",
        "cd_parecer_decont": "006/DECONT-2/GTAIA/2012",
        "dt_publicacao_diario_oficial": "2013-03-24Z",
        "tx_link_diario_oficial": "https://www.imprensaoficial.com.br/Certificacao/Certificador.aspx?link=%2f2012%2fdiario%2520oficial%2520cidade%2520de%2520sao%2520paulo%2fmarco%2f24%2fpag_0036_16TT6912KJSI8eB6QO3VEVGCMU1.pdf&pagina=36&data=24/03/2012&caderno=Di%C3%A1rio%20Oficial%20Cidade%20de%20S%C3%A3o%20Paulo",
        "st_deferimento_processo_administrativo": "Deferido",
        "qt_ciclo_vespertino": 0,
        "qt_ciclo_diurno": 15,
        "qt_total_ciclo_permitido": 15,
        "tx_observacao_heliponto": null
      }
    },
    {
      "type": "Feature",
      "id": "heliponto.13633",
      "geometry": {
        "type": "Point",
        "coordinates": [
          327515.6204,
          7389257.2223
        ]
      },
      "geometry_name": "ge_ponto",
      "properties": {
        "cd_identificador_heliponto": 13633,
        "cd_processo_administrativo_heliponto": "2011-0.301.793-0",
        "nm_empreendimento_heliponto": "Heliponto Berrini One",
        "tp_logradouro_heliponto": "Avenida",
        "nm_logradouro_heliponto": "Engenheiro Luiz Carlos Berrini",
        "nr_endereco_heliponto": 105,
        "nr_complementar_endereco_heliponto": null,
        "tx_complementar_endereco_heliponto": null,
        "nm_distrito_municipal": "ITAIM BIBI",
        "tx_endereco_heliponto": "SITO",
        "cd_parecer_tecnico": "010/CADES/2012",
        "cd_parecer_decont": "004/DECONT.2/GTAIA/2012",
        "dt_publicacao_diario_oficial": "2012-03-24Z",
        "tx_link_diario_oficial": "https://www.imprensaoficial.com.br/Certificacao/Certificador.aspx?link=%2f2012%2fdiario%2520oficial%2520cidade%2520de%2520sao%2520paulo%2fmarco%2f24%2fpag_0037_BN8LGLVA9ULMTe2A9I2RAE71K4A.pdf&pagina=37&data=24/03/2012&caderno=Di%C3%A1rio%20Oficial%20Cidade%20de%20S%C3%A3o%20Paulo",
        "st_deferimento_processo_administrativo": "Deferido",
        "qt_ciclo_vespertino": 0,
        "qt_ciclo_diurno": 15,
        "qt_total_ciclo_permitido": 15,
        "tx_observacao_heliponto": "15 ciclos anuais"
      }
    },
    {
      "type": "Feature",
      "id": "heliponto.13634",
      "geometry": {
        "type": "Point",
        "coordinates": [
          327559.4083,
          7389174.694
        ]
      },
      "geometry_name": "ge_ponto",
      "properties": {
        "cd_identificador_heliponto": 13634,
        "cd_processo_administrativo_heliponto": "2011-0.252.520-7",
        "nm_empreendimento_heliponto": "Heliponto Thera Corporate",
        "tp_logradouro_heliponto": "Avenida",
        "nm_logradouro_heliponto": "Engenheiro Luiz Carlos Berrini",
        "nr_endereco_heliponto": 105,
        "nr_complementar_endereco_heliponto": null,
        "tx_complementar_endereco_heliponto": null,
        "nm_distrito_municipal": "ITAIM BIBI",
        "tx_endereco_heliponto": null,
        "cd_parecer_tecnico": "011/CADES/2012",
        "cd_parecer_decont": "005/DECONT.2/GTAIA/2012",
        "dt_publicacao_diario_oficial": "2012-03-24Z",
        "tx_link_diario_oficial": "https://www.imprensaoficial.com.br/Certificacao/Certificador.aspx?link=%2f2012%2fdiario%2520oficial%2520cidade%2520de%2520sao%2520paulo%2fmarco%2f24%2fpag_0037_BN8LGLVA9ULMTe2A9I2RAE71K4A.pdf&pagina=37&data=24/03/2012&caderno=Di%C3%A1rio%20Oficial%20Cidade%20de%20S%C3%A3o%20Paulo",
        "st_deferimento_processo_administrativo": "Deferido",
        "qt_ciclo_vespertino": 0,
        "qt_ciclo_diurno": 2,
        "qt_total_ciclo_permitido": 2,
        "tx_observacao_heliponto": null
      }
    },
    {
      "type": "Feature",
      "id": "heliponto.13635",
      "geometry": {
        "type": "Point",
        "coordinates": [
          327206.3338,
          7388767.6024
        ]
      },
      "geometry_name": "ge_ponto",
      "properties": {
        "cd_identificador_heliponto": 13635,
        "cd_processo_administrativo_heliponto": "2011-0.273.221-0",
        "nm_empreendimento_heliponto": "Heliponto Condomínio Attílio Tinelli",
        "tp_logradouro_heliponto": "Rua",
        "nm_logradouro_heliponto": "Dr. Geraldo Campos Moreira",
        "nr_endereco_heliponto": 375,
        "nr_complementar_endereco_heliponto": null,
        "tx_complementar_endereco_heliponto": null,
        "nm_distrito_municipal": "ITAIM BIBI",
        "tx_endereco_heliponto": "SDOT",
        "cd_parecer_tecnico": "037/CADES/2012",
        "cd_parecer_decont": "031/DECONT-2/GTAIA/2012",
        "dt_publicacao_diario_oficial": "2012-10-27Z",
        "tx_link_diario_oficial": "https://www.imprensaoficial.com.br/Certificacao/Certificador.aspx?link=%2f2012%2fdiario%2520oficial%2520cidade%2520de%2520sao%2520paulo%2foutubro%2f27%2fpag_0022_561SIVDP41L12e07AHN5JRR23LV.pdf&pagina=22&data=27/10/2012&caderno=Di%C3%A1rio%20Oficial%20Cidade%20de%20S%C3%A3o%20Paulo",
        "st_deferimento_processo_administrativo": "Deferido",
        "qt_ciclo_vespertino": 0,
        "qt_ciclo_diurno": 2,
        "qt_total_ciclo_permitido": 2,
        "tx_observacao_heliponto": null
      }
    },
    {
      "type": "Feature",
      "id": "heliponto.13636",
      "geometry": {
        "type": "Point",
        "coordinates": [
          337725.2101,
          7393221.3488
        ]
      },
      "geometry_name": "ge_ponto",
      "properties": {
        "cd_identificador_heliponto": 13636,
        "cd_processo_administrativo_heliponto": "2012-0.070.312-6",
        "nm_empreendimento_heliponto": "Heliponto Hospital Vila Lobos",
        "tp_logradouro_heliponto": "Rua",
        "nm_logradouro_heliponto": "Lituânia",
        "nr_endereco_heliponto": 260,
        "nr_complementar_endereco_heliponto": null,
        "tx_complementar_endereco_heliponto": null,
        "nm_distrito_municipal": "MOOCA",
        "tx_endereco_heliponto": null,
        "cd_parecer_tecnico": "024/CADES/2012",
        "cd_parecer_decont": "039/DECONT-2/2012",
        "dt_publicacao_diario_oficial": "2012-08-15Z",
        "tx_link_diario_oficial": "https://www.imprensaoficial.com.br/Certificacao/Certificador.aspx?link=%2f2012%2fdiario%2520oficial%2520cidade%2520de%2520sao%2520paulo%2fagosto%2f15%2fpag_0036_9VG4O16IFA52Ue7FF9DK52NGBSJ.pdf&pagina=36&data=15/08/2012&caderno=Di%C3%A1rio%20Oficial%20Cidade%20de%20S%C3%A3o%20Paulo",
        "st_deferimento_processo_administrativo": "Deferido",
        "qt_ciclo_vespertino": 0,
        "qt_ciclo_diurno": 11,
        "qt_total_ciclo_permitido": 11,
        "tx_observacao_heliponto": null
      }
    },
    {
      "type": "Feature",
      "id": "heliponto.13637",
      "geometry": {
        "type": "Point",
        "coordinates": [
          328364.711,
          7390135.0874
        ]
      },
      "geometry_name": "ge_ponto",
      "properties": {
        "cd_identificador_heliponto": 13637,
        "cd_processo_administrativo_heliponto": "2010-0.298.948-1",
        "nm_empreendimento_heliponto": "Heliponto Birmann 31/Cond. Edifício Pedro Mariz",
        "tp_logradouro_heliponto": "Avenida",
        "nm_logradouro_heliponto": "Brigadeiro Faria Lima",
        "nr_endereco_heliponto": 3900,
        "nr_complementar_endereco_heliponto": null,
        "tx_complementar_endereco_heliponto": null,
        "nm_distrito_municipal": "ITAIM BIBI",
        "tx_endereco_heliponto": "SJBG",
        "cd_parecer_tecnico": "014/CADES/2012",
        "cd_parecer_decont": "015/DECONT.2/GTAIA/2012",
        "dt_publicacao_diario_oficial": "2012-04-25Z",
        "tx_link_diario_oficial": "https://www.imprensaoficial.com.br/Certificacao/Certificador.aspx?link=%2f2012%2fdiario%2520oficial%2520cidade%2520de%2520sao%2520paulo%2fabril%2f25%2fpag_0072_C9D7RI93V4SD0e2K2R583V6SPGH.pdf&pagina=72&data=25/04/2012&caderno=Di%C3%A1rio%20Oficial%20Cidade%20de%20S%C3%A3o%20Paulo",
        "st_deferimento_processo_administrativo": "Deferido",
        "qt_ciclo_vespertino": 0,
        "qt_ciclo_diurno": 4,
        "qt_total_ciclo_permitido": 4,
        "tx_observacao_heliponto": null
      }
    },
    {
      "type": "Feature",
      "id": "heliponto.13638",
      "geometry": {
        "type": "Point",
        "coordinates": [
          323773.0601,
          7383344.882
        ]
      },
      "geometry_name": "ge_ponto",
      "properties": {
        "cd_identificador_heliponto": 13638,
        "cd_processo_administrativo_heliponto": "2010-0.241.520-5",
        "nm_empreendimento_heliponto": "Heliponto Centro Empresarial São Paulo",
        "tp_logradouro_heliponto": "Avenida",
        "nm_logradouro_heliponto": "Maria Coelho Aguiar",
        "nr_endereco_heliponto": 215,
        "nr_complementar_endereco_heliponto": null,
        "tx_complementar_endereco_heliponto": null,
        "nm_distrito_municipal": "JARDIM SAO LUIS",
        "tx_endereco_heliponto": "SSQY",
        "cd_parecer_tecnico": "035/CADES/2012",
        "cd_parecer_decont": "052/DECONT-2/GTAIA/2012",
        "dt_publicacao_diario_oficial": "2012-10-27Z",
        "tx_link_diario_oficial": "https://www.imprensaoficial.com.br/Certificacao/Certificador.aspx?link=%2f2012%2fdiario%2520oficial%2520cidade%2520de%2520sao%2520paulo%2foutubro%2f27%2fpag_0022_561SIVDP41L12e07AHN5JRR23LV.pdf&pagina=22&data=27/10/2012&caderno=Di%C3%A1rio%20Oficial%20Cidade%20de%20S%C3%A3o%20Paulo",
        "st_deferimento_processo_administrativo": "Deferido",
        "qt_ciclo_vespertino": 0,
        "qt_ciclo_diurno": 5,
        "qt_total_ciclo_permitido": 5,
        "tx_observacao_heliponto": null
      }
    },
    {
      "type": "Feature",
      "id": "heliponto.13639",
      "geometry": {
        "type": "Point",
        "coordinates": [
          326249.6452,
          7386965.7548
        ]
      },
      "geometry_name": "ge_ponto",
      "properties": {
        "cd_identificador_heliponto": 13639,
        "cd_processo_administrativo_heliponto": "2011-0.170.881-2",
        "nm_empreendimento_heliponto": "Heliponto Condomínio América Business Park",
        "tp_logradouro_heliponto": "Avenida",
        "nm_logradouro_heliponto": "Major Sylvio de Magalhães Padilha",
        "nr_endereco_heliponto": 5200,
        "nr_complementar_endereco_heliponto": null,
        "tx_complementar_endereco_heliponto": null,
        "nm_distrito_municipal": "VILA ANDRADE",
        "tx_endereco_heliponto": "SDKD",
        "cd_parecer_tecnico": "012/CADES/2012",
        "cd_parecer_decont": "039/DECONT-2/2011",
        "dt_publicacao_diario_oficial": "2012-03-24Z",
        "tx_link_diario_oficial": "https://www.imprensaoficial.com.br/Certificacao/Certificador.aspx?link=%2f2012%2fdiario%2520oficial%2520cidade%2520de%2520sao%2520paulo%2fmarco%2f24%2fpag_0038_BILLDQRFUTGNNeA86BMFNTMO4KI.pdf&pagina=38&data=24/03/2012&caderno=Di%C3%A1rio%20Oficial%20Cidade%20de%20S%C3%A3o%20Paulo",
        "st_deferimento_processo_administrativo": "Deferido",
        "qt_ciclo_vespertino": 0,
        "qt_ciclo_diurno": 3,
        "qt_total_ciclo_permitido": 3,
        "tx_observacao_heliponto": null
      }
    },
    {
      "type": "Feature",
      "id": "heliponto.13640",
      "geometry": {
        "type": "Point",
        "coordinates": [
          326713.7777,
          7385997.7153
        ]
      },
      "geometry_name": "ge_ponto",
      "properties": {
        "cd_identificador_heliponto": 13640,
        "cd_processo_administrativo_heliponto": "2012-0.170.905-5",
        "nm_empreendimento_heliponto": "Heliponto Edifício Henri Dunant",
        "tp_logradouro_heliponto": "Avenida",
        "nm_logradouro_heliponto": "Henri Dunant",
        "nr_endereco_heliponto": 828,
        "nr_complementar_endereco_heliponto": null,
        "tx_complementar_endereco_heliponto": null,
        "nm_distrito_municipal": "SANTO AMARO",
        "tx_endereco_heliponto": "SSVH",
        "cd_parecer_tecnico": "028/CADES/2012",
        "cd_parecer_decont": "047/DECONT-2/GTAIA/2012",
        "dt_publicacao_diario_oficial": "2013-08-15Z",
        "tx_link_diario_oficial": "https://www.imprensaoficial.com.br/Certificacao/Certificador.aspx?link=%2f2012%2fdiario%2520oficial%2520cidade%2520de%2520sao%2520paulo%2fagosto%2f15%2fpag_0037_11OMQHPNFPPVHeEJ4FG080HHG5O.pdf&pagina=37&data=15/08/2012&caderno=Di%C3%A1rio%20Oficial%20Cidade%20de%20S%C3%A3o%20Paulo",
        "st_deferimento_processo_administrativo": "Deferido",
        "qt_ciclo_vespertino": 0,
        "qt_ciclo_diurno": 2,
        "qt_total_ciclo_permitido": 2,
        "tx_observacao_heliponto": null
      }
    },
    {
      "type": "Feature",
      "id": "heliponto.13641",
      "geometry": {
        "type": "Point",
        "coordinates": [
          331922.0394,
          7392960.9045
        ]
      },
      "geometry_name": "ge_ponto",
      "properties": {
        "cd_identificador_heliponto": 13641,
        "cd_processo_administrativo_heliponto": "2012-0.070.323-1",
        "nm_empreendimento_heliponto": "Heliponto do Hospital Total Cor",
        "tp_logradouro_heliponto": "Avenida",
        "nm_logradouro_heliponto": "Brigadeiro Luiz Antônio",
        "nr_endereco_heliponto": 1895,
        "nr_complementar_endereco_heliponto": 1927,
        "tx_complementar_endereco_heliponto": null,
        "nm_distrito_municipal": "BELA VISTA",
        "tx_endereco_heliponto": null,
        "cd_parecer_tecnico": "026/CADES/2012",
        "cd_parecer_decont": "029/DECONT-2/GTAIA/2012",
        "dt_publicacao_diario_oficial": "2012-08-15Z",
        "tx_link_diario_oficial": "https://www.imprensaoficial.com.br/Certificacao/Certificador.aspx?link=%2f2012%2fdiario%2520oficial%2520cidade%2520de%2520sao%2520paulo%2fagosto%2f15%2fpag_0036_9VG4O16IFA52Ue7FF9DK52NGBSJ.pdf&pagina=36&data=15/08/2012&caderno=Di%C3%A1rio%20Oficial%20Cidade%20de%20S%C3%A3o%20Paulo",
        "st_deferimento_processo_administrativo": "Deferido",
        "qt_ciclo_vespertino": 0,
        "qt_ciclo_diurno": 2,
        "qt_total_ciclo_permitido": 2,
        "tx_observacao_heliponto": null
      }
    },
    {
      "type": "Feature",
      "id": "heliponto.13642",
      "geometry": {
        "type": "Point",
        "coordinates": [
          326174.5675,
          7392197.4775
        ]
      },
      "geometry_name": "ge_ponto",
      "properties": {
        "cd_identificador_heliponto": 13642,
        "cd_processo_administrativo_heliponto": "2012-0.143.662-8",
        "nm_empreendimento_heliponto": "Heliponto Edifício Odebrecht",
        "tp_logradouro_heliponto": "Rua",
        "nm_logradouro_heliponto": "Lemos Moteiro",
        "nr_endereco_heliponto": 120,
        "nr_complementar_endereco_heliponto": null,
        "tx_complementar_endereco_heliponto": null,
        "nm_distrito_municipal": "BUTANTA",
        "tx_endereco_heliponto": null,
        "cd_parecer_tecnico": "029/CADES/2012",
        "cd_parecer_decont": "040/DECONT-2/GTAIA/2012",
        "dt_publicacao_diario_oficial": "2012-08-15Z",
        "tx_link_diario_oficial": "https://www.imprensaoficial.com.br/Certificacao/Certificador.aspx?link=%2f2012%2fdiario%2520oficial%2520cidade%2520de%2520sao%2520paulo%2fagosto%2f15%2fpag_0038_3HDBCJD6IRDV3e4MAFI5FMP4ET9.pdf&pagina=38&data=15/08/2012&caderno=Di%C3%A1rio%20Oficial%20Cidade%20de%20S%C3%A3o%20Paulo",
        "st_deferimento_processo_administrativo": "Deferido",
        "qt_ciclo_vespertino": 0,
        "qt_ciclo_diurno": 6,
        "qt_total_ciclo_permitido": 6,
        "tx_observacao_heliponto": null
      }
    },
    {
      "type": "Feature",
      "id": "heliponto.13643",
      "geometry": {
        "type": "Point",
        "coordinates": [
          330490.9276,
          7388930.5453
        ]
      },
      "geometry_name": "ge_ponto",
      "properties": {
        "cd_identificador_heliponto": 13643,
        "cd_processo_administrativo_heliponto": "2010-0.267.796-0",
        "nm_empreendimento_heliponto": "Heliponto do Hospital Alvorada",
        "tp_logradouro_heliponto": "Avenida",
        "nm_logradouro_heliponto": "Ibirapuera",
        "nr_endereco_heliponto": 1942,
        "nr_complementar_endereco_heliponto": null,
        "tx_complementar_endereco_heliponto": null,
        "nm_distrito_municipal": "MOEMA",
        "tx_endereco_heliponto": null,
        "cd_parecer_tecnico": "007/CADES/2011",
        "cd_parecer_decont": "049/DECONT-2/2010",
        "dt_publicacao_diario_oficial": "2011-03-12Z",
        "tx_link_diario_oficial": "https://www.imprensaoficial.com.br/Certificacao/Certificador.aspx?link=%2f2011%2fdiario%2520oficial%2520cidade%2520de%2520sao%2520paulo%2fmarco%2f12%2fpag_0023_B1UDFJMIUQ0B1e8GMJTO34MF93M.pdf&pagina=23&data=12/03/2011&caderno=Di%C3%A1rio%20Oficial%20Cidade%20de%20S%C3%A3o%20Paulo",
        "st_deferimento_processo_administrativo": "Deferido",
        "qt_ciclo_vespertino": 0,
        "qt_ciclo_diurno": 2,
        "qt_total_ciclo_permitido": 2,
        "tx_observacao_heliponto": null
      }
    },
    {
      "type": "Feature",
      "id": "heliponto.13644",
      "geometry": {
        "type": "Point",
        "coordinates": [
          326523.5956,
          7386516.2422
        ]
      },
      "geometry_name": "ge_ponto",
      "properties": {
        "cd_identificador_heliponto": 13644,
        "cd_processo_administrativo_heliponto": "2010-0.297.494-8",
        "nm_empreendimento_heliponto": "Heliponto Condomínio Rochaverá Alfa",
        "tp_logradouro_heliponto": "Avenida",
        "nm_logradouro_heliponto": "das Nações Unidas",
        "nr_endereco_heliponto": 14171,
        "nr_complementar_endereco_heliponto": null,
        "tx_complementar_endereco_heliponto": null,
        "nm_distrito_municipal": "SANTO AMARO",
        "tx_endereco_heliponto": "SWRV",
        "cd_parecer_tecnico": "007/CADES/2011",
        "cd_parecer_decont": "053/DECONT-2/2010",
        "dt_publicacao_diario_oficial": "2011-03-12Z",
        "tx_link_diario_oficial": "https://www.imprensaoficial.com.br/DO/BuscaDO2001Documento_11_4.aspx?link=%2f2011%2fdiario%2520oficial%2520cidade%2520de%2520sao%2520paulo%2fmarco%2f12%2fpag_0023_B1UDFJMIUQ0B1e8GMJTO34MF93M.pdf&pagina=23&data=12/03/2011&caderno=Di%C3%A1rio%20Oficial%20Cidade%20de%20S%C3%A3o%20Paulo&paginaordenacao=100023",
        "st_deferimento_processo_administrativo": "Deferido",
        "qt_ciclo_vespertino": 0,
        "qt_ciclo_diurno": 6,
        "qt_total_ciclo_permitido": 6,
        "tx_observacao_heliponto": null
      }
    },
    {
      "type": "Feature",
      "id": "heliponto.13645",
      "geometry": {
        "type": "Point",
        "coordinates": [
          325218.7104,
          7388991.6576
        ]
      },
      "geometry_name": "ge_ponto",
      "properties": {
        "cd_identificador_heliponto": 13645,
        "cd_processo_administrativo_heliponto": "2010-0.118.946-5",
        "nm_empreendimento_heliponto": "Heliponto do Palácio dos Bandeirantes",
        "tp_logradouro_heliponto": "Avenida",
        "nm_logradouro_heliponto": "Morumbi",
        "nr_endereco_heliponto": 4500,
        "nr_complementar_endereco_heliponto": null,
        "tx_complementar_endereco_heliponto": null,
        "nm_distrito_municipal": "MORUMBI",
        "tx_endereco_heliponto": "SDPM",
        "cd_parecer_tecnico": "007/CADES/2011",
        "cd_parecer_decont": "027/DECONT-2/2010",
        "dt_publicacao_diario_oficial": "2011-03-12Z",
        "tx_link_diario_oficial": "https://www.imprensaoficial.com.br/Certificacao/Certificador.aspx?link=%2f2011%2fdiario%2520oficial%2520cidade%2520de%2520sao%2520paulo%2fmarco%2f12%2fpag_0023_B1UDFJMIUQ0B1e8GMJTO34MF93M.pdf&pagina=23&data=12/03/2011&caderno=Di%C3%A1rio%20Oficial%20Cidade%20de%20S%C3%A3o%20Paulo",
        "st_deferimento_processo_administrativo": "Deferido",
        "qt_ciclo_vespertino": 0,
        "qt_ciclo_diurno": 3,
        "qt_total_ciclo_permitido": 3,
        "tx_observacao_heliponto": null
      }
    },
    {
      "type": "Feature",
      "id": "heliponto.13646",
      "geometry": {
        "type": "Point",
        "coordinates": [
          331132.3385,
          7394323.2498
        ]
      },
      "geometry_name": "ge_ponto",
      "properties": {
        "cd_identificador_heliponto": 13646,
        "cd_processo_administrativo_heliponto": "2012-0.170.898-9",
        "nm_empreendimento_heliponto": "Heliponto Torre Augusta",
        "tp_logradouro_heliponto": "Rua",
        "nm_logradouro_heliponto": "Augusta",
        "nr_endereco_heliponto": 870,
        "nr_complementar_endereco_heliponto": null,
        "tx_complementar_endereco_heliponto": null,
        "nm_distrito_municipal": "CONSOLACAO",
        "tx_endereco_heliponto": null,
        "cd_parecer_tecnico": "030/CADES/2012",
        "cd_parecer_decont": "046/DECONT-2/GTAIA/2012",
        "dt_publicacao_diario_oficial": "2012-09-11Z",
        "tx_link_diario_oficial": "https://www.imprensaoficial.com.br/Certificacao/Certificador.aspx?link=%2f2012%2fdiario%2520oficial%2520cidade%2520de%2520sao%2520paulo%2fsetembro%2f11%2fpag_0079_B8F6GIGOGC47Ne88BQA12A5NSK7.pdf&pagina=79&data=11/09/2012&caderno=Di%C3%A1rio%20Oficial%20Cidade%20de%20S%C3%A3o%20Paulo",
        "st_deferimento_processo_administrativo": "Deferido",
        "qt_ciclo_vespertino": 0,
        "qt_ciclo_diurno": 3,
        "qt_total_ciclo_permitido": 3,
        "tx_observacao_heliponto": null
      }
    },
    {
      "type": "Feature",
      "id": "heliponto.13647",
      "geometry": {
        "type": "Point",
        "coordinates": [
          329269.9275,
          7390093.1053
        ]
      },
      "geometry_name": "ge_ponto",
      "properties": {
        "cd_identificador_heliponto": 13647,
        "cd_processo_administrativo_heliponto": "2010-0.202.381-1",
        "nm_empreendimento_heliponto": "Heliponto do Hospital e Maternidade São Luiz",
        "tp_logradouro_heliponto": "Avenida",
        "nm_logradouro_heliponto": "Dr. Alceu de Campos Rodrigues",
        "nr_endereco_heliponto": 95,
        "nr_complementar_endereco_heliponto": null,
        "tx_complementar_endereco_heliponto": "Esquina com a Av. Santo Amaro, 734",
        "nm_distrito_municipal": "ITAIM BIBI",
        "tx_endereco_heliponto": "SDJU",
        "cd_parecer_tecnico": "007/CADES/2011",
        "cd_parecer_decont": "047/DECONT-2/2010",
        "dt_publicacao_diario_oficial": "2011-03-12Z",
        "tx_link_diario_oficial": "https://www.imprensaoficial.com.br/Certificacao/Certificador.aspx?link=%2f2011%2fdiario%2520oficial%2520cidade%2520de%2520sao%2520paulo%2fmarco%2f12%2fpag_0023_B1UDFJMIUQ0B1e8GMJTO34MF93M.pdf&pagina=23&data=12/03/2011&caderno=Di%C3%A1rio%20Oficial%20Cidade%20de%20S%C3%A3o%20Paulo",
        "st_deferimento_processo_administrativo": "Deferido",
        "qt_ciclo_vespertino": 0,
        "qt_ciclo_diurno": 4,
        "qt_total_ciclo_permitido": 4,
        "tx_observacao_heliponto": null
      }
    },
    {
      "type": "Feature",
      "id": "heliponto.13648",
      "geometry": {
        "type": "Point",
        "coordinates": [
          334465.3748,
          7389301.2612
        ]
      },
      "geometry_name": "ge_ponto",
      "properties": {
        "cd_identificador_heliponto": 13648,
        "cd_processo_administrativo_heliponto": "2010-0.231.413-1",
        "nm_empreendimento_heliponto": "Heliponto Divena Automóveis Ltda",
        "tp_logradouro_heliponto": "Avenida",
        "nm_logradouro_heliponto": "Doutor Ricardo Jafet",
        "nr_endereco_heliponto": 2419,
        "nr_complementar_endereco_heliponto": null,
        "tx_complementar_endereco_heliponto": null,
        "nm_distrito_municipal": "CURSINO",
        "tx_endereco_heliponto": "SIHD",
        "cd_parecer_tecnico": "007/CADES/2011",
        "cd_parecer_decont": "002/DECONT-2/2011",
        "dt_publicacao_diario_oficial": "2011-03-12Z",
        "tx_link_diario_oficial": "https://www.imprensaoficial.com.br/Certificacao/Certificador.aspx?link=%2f2011%2fdiario%2520oficial%2520cidade%2520de%2520sao%2520paulo%2fmarco%2f12%2fpag_0023_B1UDFJMIUQ0B1e8GMJTO34MF93M.pdf&pagina=23&data=12/03/2011&caderno=Di%C3%A1rio%20Oficial%20Cidade%20de%20S%C3%A3o%20Paulo",
        "st_deferimento_processo_administrativo": "Indeferido",
        "qt_ciclo_vespertino": 0,
        "qt_ciclo_diurno": 0,
        "qt_total_ciclo_permitido": 0,
        "tx_observacao_heliponto": null
      }
    },
    {
      "type": "Feature",
      "id": "heliponto.13649",
      "geometry": {
        "type": "Point",
        "coordinates": [
          326642.5147,
          7392091.328
        ]
      },
      "geometry_name": "ge_ponto",
      "properties": {
        "cd_identificador_heliponto": 13649,
        "cd_processo_administrativo_heliponto": "2010-0.176.015-4",
        "nm_empreendimento_heliponto": "Heliponto Itaú- Unibanco",
        "tp_logradouro_heliponto": "Avenida",
        "nm_logradouro_heliponto": "Eusébio Matoso",
        "nr_endereco_heliponto": 891,
        "nr_complementar_endereco_heliponto": null,
        "tx_complementar_endereco_heliponto": null,
        "nm_distrito_municipal": "PINHEIROS",
        "tx_endereco_heliponto": "SDEZ",
        "cd_parecer_tecnico": "007/CADES/2011",
        "cd_parecer_decont": "003/DECONT-2/2011",
        "dt_publicacao_diario_oficial": "2011-03-12Z",
        "tx_link_diario_oficial": "https://www.imprensaoficial.com.br/Certificacao/Certificador.aspx?link=%2f2011%2fdiario%2520oficial%2520cidade%2520de%2520sao%2520paulo%2fmarco%2f12%2fpag_0023_B1UDFJMIUQ0B1e8GMJTO34MF93M.pdf&pagina=23&data=12/03/2011&caderno=Di%C3%A1rio%20Oficial%20Cidade%20de%20S%C3%A3o%20Paulo",
        "st_deferimento_processo_administrativo": "Indeferido",
        "qt_ciclo_vespertino": 0,
        "qt_ciclo_diurno": 0,
        "qt_total_ciclo_permitido": 0,
        "tx_observacao_heliponto": null
      }
    },
    {
      "type": "Feature",
      "id": "heliponto.13650",
      "geometry": {
        "type": "Point",
        "coordinates": [
          328299.6399,
          7390325.8473
        ]
      },
      "geometry_name": "ge_ponto",
      "properties": {
        "cd_identificador_heliponto": 13650,
        "cd_processo_administrativo_heliponto": "2010-0.330.514-4",
        "nm_empreendimento_heliponto": "Heliponto Condomínio Edifício Faria Lima Square",
        "tp_logradouro_heliponto": "Avenida",
        "nm_logradouro_heliponto": "Brigadeiro Faria Lima",
        "nr_endereco_heliponto": 3600,
        "nr_complementar_endereco_heliponto": null,
        "tx_complementar_endereco_heliponto": null,
        "nm_distrito_municipal": "ITAIM BIBI",
        "tx_endereco_heliponto": "SJOZ",
        "cd_parecer_tecnico": "007/CADES/2011",
        "cd_parecer_decont": "001/DECONT-2/2011",
        "dt_publicacao_diario_oficial": "2011-03-12Z",
        "tx_link_diario_oficial": "https://www.imprensaoficial.com.br/Certificacao/Certificador.aspx?link=%2f2011%2fdiario%2520oficial%2520cidade%2520de%2520sao%2520paulo%2fmarco%2f12%2fpag_0023_B1UDFJMIUQ0B1e8GMJTO34MF93M.pdf&pagina=23&data=12/03/2011&caderno=Di%C3%A1rio%20Oficial%20Cidade%20de%20S%C3%A3o%20Paulo",
        "st_deferimento_processo_administrativo": "Indeferido",
        "qt_ciclo_vespertino": 0,
        "qt_ciclo_diurno": 0,
        "qt_total_ciclo_permitido": 0,
        "tx_observacao_heliponto": null
      }
    },
    {
      "type": "Feature",
      "id": "heliponto.13651",
      "geometry": {
        "type": "Point",
        "coordinates": [
          324284.1725,
          7383376.8976
        ]
      },
      "geometry_name": "ge_ponto",
      "properties": {
        "cd_identificador_heliponto": 13651,
        "cd_processo_administrativo_heliponto": "2003-1.035.387-0",
        "nm_empreendimento_heliponto": "Heliponto Hotel Transamérica",
        "tp_logradouro_heliponto": "Avenida",
        "nm_logradouro_heliponto": "das Nações Unidas",
        "nr_endereco_heliponto": 18591,
        "nr_complementar_endereco_heliponto": null,
        "tx_complementar_endereco_heliponto": null,
        "nm_distrito_municipal": "SANTO AMARO",
        "tx_endereco_heliponto": "SDUT",
        "cd_parecer_tecnico": "007/CADES/2011",
        "cd_parecer_decont": "054/DECONT-2/2010",
        "dt_publicacao_diario_oficial": "2011-03-12Z",
        "tx_link_diario_oficial": "https://www.imprensaoficial.com.br/Certificacao/Certificador.aspx?link=%2f2011%2fdiario%2520oficial%2520cidade%2520de%2520sao%2520paulo%2fmarco%2f12%2fpag_0023_B1UDFJMIUQ0B1e8GMJTO34MF93M.pdf&pagina=23&data=12/03/2011&caderno=Di%C3%A1rio%20Oficial%20Cidade%20de%20S%C3%A3o%20Paulo",
        "st_deferimento_processo_administrativo": "Indeferido",
        "qt_ciclo_vespertino": 0,
        "qt_ciclo_diurno": 0,
        "qt_total_ciclo_permitido": 0,
        "tx_observacao_heliponto": null
      }
    },
    {
      "type": "Feature",
      "id": "heliponto.13652",
      "geometry": {
        "type": "Point",
        "coordinates": [
          328218.8853,
          7390591.9414
        ]
      },
      "geometry_name": "ge_ponto",
      "properties": {
        "cd_identificador_heliponto": 13652,
        "cd_processo_administrativo_heliponto": "2010-0.336.506-6",
        "nm_empreendimento_heliponto": "Heliponto Faria Lima Financial Center",
        "tp_logradouro_heliponto": "Avenida",
        "nm_logradouro_heliponto": "Brigadeiro Faria Lima",
        "nr_endereco_heliponto": 3400,
        "nr_complementar_endereco_heliponto": null,
        "tx_complementar_endereco_heliponto": null,
        "nm_distrito_municipal": "ITAIM BIBI",
        "tx_endereco_heliponto": "SIJF",
        "cd_parecer_tecnico": "007/CADES/2011",
        "cd_parecer_decont": "005/DECONT-2/2011",
        "dt_publicacao_diario_oficial": "2011-03-12Z",
        "tx_link_diario_oficial": "https://www.imprensaoficial.com.br/Certificacao/Certificador.aspx?link=%2f2011%2fdiario%2520oficial%2520cidade%2520de%2520sao%2520paulo%2fmarco%2f12%2fpag_0023_B1UDFJMIUQ0B1e8GMJTO34MF93M.pdf&pagina=23&data=12/03/2011&caderno=Di%C3%A1rio%20Oficial%20Cidade%20de%20S%C3%A3o%20Paulo",
        "st_deferimento_processo_administrativo": "Indeferido",
        "qt_ciclo_vespertino": 0,
        "qt_ciclo_diurno": 0,
        "qt_total_ciclo_permitido": 0,
        "tx_observacao_heliponto": null
      }
    },
    {
      "type": "Feature",
      "id": "heliponto.13653",
      "geometry": {
        "type": "Point",
        "coordinates": [
          326899.2444,
          7387889.1916
        ]
      },
      "geometry_name": "ge_ponto",
      "properties": {
        "cd_identificador_heliponto": 13653,
        "cd_processo_administrativo_heliponto": "2010-0.183.408-5",
        "nm_empreendimento_heliponto": "Heliponto Centro Empresarial Nações Unidas - CENU - Torre Norte",
        "tp_logradouro_heliponto": "Avenida",
        "nm_logradouro_heliponto": "das Nações Unidas",
        "nr_endereco_heliponto": 12901,
        "nr_complementar_endereco_heliponto": null,
        "tx_complementar_endereco_heliponto": null,
        "nm_distrito_municipal": "ITAIM BIBI",
        "tx_endereco_heliponto": "SNSQ",
        "cd_parecer_tecnico": "017/CADES/2011",
        "cd_parecer_decont": "020/DECONT-2/2011",
        "dt_publicacao_diario_oficial": "2011-07-01Z",
        "tx_link_diario_oficial": "https://www.imprensaoficial.com.br/Certificacao/Certificador.aspx?link=%2f2011%2fdiario%2520oficial%2520cidade%2520de%2520sao%2520paulo%2fjulho%2f01%2fpag_0029_3O3A3D1V5V8K4eE3SVFMLFQUAT2.pdf&pagina=29&data=01/07/2011&caderno=Di%C3%A1rio%20Oficial%20Cidade%20de%20S%C3%A3o%20Paulo",
        "st_deferimento_processo_administrativo": "Deferido",
        "qt_ciclo_vespertino": 0,
        "qt_ciclo_diurno": 2,
        "qt_total_ciclo_permitido": 2,
        "tx_observacao_heliponto": null
      }
    },
    {
      "type": "Feature",
      "id": "heliponto.13654",
      "geometry": {
        "type": "Point",
        "coordinates": [
          327893.2817,
          7390831.4365
        ]
      },
      "geometry_name": "ge_ponto",
      "properties": {
        "cd_identificador_heliponto": 13654,
        "cd_processo_administrativo_heliponto": "2011-0.357.489-9",
        "nm_empreendimento_heliponto": "Heliponto Condomínio Edifício Cidade Jardim",
        "tp_logradouro_heliponto": "Avenida",
        "nm_logradouro_heliponto": "Cidade Jardim",
        "nr_endereco_heliponto": 803,
        "nr_complementar_endereco_heliponto": null,
        "tx_complementar_endereco_heliponto": null,
        "nm_distrito_municipal": "ITAIM BIBI",
        "tx_endereco_heliponto": null,
        "cd_parecer_tecnico": "031/CADES/2012",
        "cd_parecer_decont": "038/DECONT-2/GTAIA/2012",
        "dt_publicacao_diario_oficial": "2012-08-15Z",
        "tx_link_diario_oficial": "https://www.imprensaoficial.com.br/Certificacao/Certificador.aspx?link=%2f2012%2fdiario%2520oficial%2520cidade%2520de%2520sao%2520paulo%2fagosto%2f15%2fpag_0038_3HDBCJD6IRDV3e4MAFI5FMP4ET9.pdf&pagina=38&data=15/08/2012&caderno=Di%C3%A1rio%20Oficial%20Cidade%20de%20S%C3%A3o%20Paulo",
        "st_deferimento_processo_administrativo": "Indeferido",
        "qt_ciclo_vespertino": 0,
        "qt_ciclo_diurno": 0,
        "qt_total_ciclo_permitido": 0,
        "tx_observacao_heliponto": null
      }
    },
    {
      "type": "Feature",
      "id": "heliponto.13655",
      "geometry": {
        "type": "Point",
        "coordinates": [
          328136.9988,
          7390883.012
        ]
      },
      "geometry_name": "ge_ponto",
      "properties": {
        "cd_identificador_heliponto": 13655,
        "cd_processo_administrativo_heliponto": "2010-0.349.938-0",
        "nm_empreendimento_heliponto": "Heliponto Condomínio Edifício HSBC Tower",
        "tp_logradouro_heliponto": "Avenida",
        "nm_logradouro_heliponto": "Brigadeiro Faria Lima",
        "nr_endereco_heliponto": 3064,
        "nr_complementar_endereco_heliponto": null,
        "tx_complementar_endereco_heliponto": null,
        "nm_distrito_municipal": "ITAIM BIBI",
        "tx_endereco_heliponto": "SDEA",
        "cd_parecer_tecnico": "028/CADES/2011",
        "cd_parecer_decont": "009/DECONT-2/2011",
        "dt_publicacao_diario_oficial": "2011-10-01Z",
        "tx_link_diario_oficial": "https://www.imprensaoficial.com.br/Certificacao/Certificador.aspx?link=%2f2011%2fdiario%2520oficial%2520cidade%2520de%2520sao%2520paulo%2foutubro%2f01%2fpag_0027_13TA60T6IM11UeDODEFD3OQ070T.pdf&pagina=27&data=01/10/2011&caderno=Di%C3%A1rio%20Oficial%20Cidade%20de%20S%C3%A3o%20Paulo",
        "st_deferimento_processo_administrativo": "Deferido",
        "qt_ciclo_vespertino": 0,
        "qt_ciclo_diurno": 3,
        "qt_total_ciclo_permitido": 3,
        "tx_observacao_heliponto": null
      }
    },
    {
      "type": "Feature",
      "id": "heliponto.13656",
      "geometry": {
        "type": "Point",
        "coordinates": [
          328327.0446,
          7390681.799
        ]
      },
      "geometry_name": "ge_ponto",
      "properties": {
        "cd_identificador_heliponto": 13656,
        "cd_processo_administrativo_heliponto": "2011-0.017.498-9",
        "nm_empreendimento_heliponto": "Heliponto Edifício Spazio Faria Lima",
        "tp_logradouro_heliponto": "Rua",
        "nm_logradouro_heliponto": "Aspásia",
        "nr_endereco_heliponto": 98,
        "nr_complementar_endereco_heliponto": null,
        "tx_complementar_endereco_heliponto": null,
        "nm_distrito_municipal": "ITAIM BIBI",
        "tx_endereco_heliponto": "SWYD",
        "cd_parecer_tecnico": "036/CADES/2011",
        "cd_parecer_decont": "044/DECONT-2/2011",
        "dt_publicacao_diario_oficial": "2011-11-12Z",
        "tx_link_diario_oficial": "https://www.imprensaoficial.com.br/Certificacao/Certificador.aspx?link=%2f2011%2fdiario%2520oficial%2520cidade%2520de%2520sao%2520paulo%2fnovembro%2f12%2fpag_0031_9L2T39QCNL555eDTDRU9FCFR3SL.pdf&pagina=31&data=12/11/2011&caderno=Di%C3%A1rio%20Oficial%20Cidade%20de%20S%C3%A3o%20Paulo",
        "st_deferimento_processo_administrativo": "Deferido",
        "qt_ciclo_vespertino": 0,
        "qt_ciclo_diurno": 3,
        "qt_total_ciclo_permitido": 3,
        "tx_observacao_heliponto": null
      }
    },
    {
      "type": "Feature",
      "id": "heliponto.13657",
      "geometry": {
        "type": "Point",
        "coordinates": [
          327295.1021,
          7388863.3442
        ]
      },
      "geometry_name": "ge_ponto",
      "properties": {
        "cd_identificador_heliponto": 13657,
        "cd_processo_administrativo_heliponto": "2010-0.281.100-3",
        "nm_empreendimento_heliponto": "Heliponto Condomínio Jatobá",
        "tp_logradouro_heliponto": "Rua",
        "nm_logradouro_heliponto": "Surubim",
        "nr_endereco_heliponto": 373,
        "nr_complementar_endereco_heliponto": null,
        "tx_complementar_endereco_heliponto": null,
        "nm_distrito_municipal": "ITAIM BIBI",
        "tx_endereco_heliponto": null,
        "cd_parecer_tecnico": "029/CADES/2011",
        "cd_parecer_decont": "021/DECONT-2/2011",
        "dt_publicacao_diario_oficial": "2011-10-01Z",
        "tx_link_diario_oficial": "https://www.imprensaoficial.com.br/Certificacao/Certificador.aspx?link=%2f2011%2fdiario%2520oficial%2520cidade%2520de%2520sao%2520paulo%2foutubro%2f01%2fpag_0028_8LQDHI0HJETO4eD7K5SNOON9H75.pdf&pagina=28&data=01/10/2011&caderno=Di%C3%A1rio%20Oficial%20Cidade%20de%20S%C3%A3o%20Paulo",
        "st_deferimento_processo_administrativo": "Deferido",
        "qt_ciclo_vespertino": 0,
        "qt_ciclo_diurno": 3,
        "qt_total_ciclo_permitido": 3,
        "tx_observacao_heliponto": null
      }
    },
    {
      "type": "Feature",
      "id": "heliponto.13658",
      "geometry": {
        "type": "Point",
        "coordinates": [
          321946.6691,
          7396795.7138
        ]
      },
      "geometry_name": "ge_ponto",
      "properties": {
        "cd_identificador_heliponto": 13658,
        "cd_processo_administrativo_heliponto": "2010-0.256.163-5",
        "nm_empreendimento_heliponto": "Heliponto Dimep",
        "tp_logradouro_heliponto": "Avenida",
        "nm_logradouro_heliponto": "Mofarrej",
        "nr_endereco_heliponto": 840,
        "nr_complementar_endereco_heliponto": null,
        "tx_complementar_endereco_heliponto": null,
        "nm_distrito_municipal": "VILA LEOPOLDINA",
        "tx_endereco_heliponto": "SIOD",
        "cd_parecer_tecnico": "035/CADES/2011 ",
        "cd_parecer_decont": "043/DECONT-2/2011",
        "dt_publicacao_diario_oficial": "2011-11-12Z",
        "tx_link_diario_oficial": "https://www.imprensaoficial.com.br/Certificacao/Certificador.aspx?link=%2f2011%2fdiario%2520oficial%2520cidade%2520de%2520sao%2520paulo%2fnovembro%2f12%2fpag_0030_C035423FJSA3Te65UOMN8C4J4KL.pdf&pagina=30&data=12/11/2011&caderno=Di%C3%A1rio%20Oficial%20Cidade%20de%20S%C3%A3o%20Paulo",
        "st_deferimento_processo_administrativo": "Deferido",
        "qt_ciclo_vespertino": 0,
        "qt_ciclo_diurno": 3,
        "qt_total_ciclo_permitido": 3,
        "tx_observacao_heliponto": null
      }
    },
    {
      "type": "Feature",
      "id": "heliponto.13659",
      "geometry": {
        "type": "Point",
        "coordinates": [
          329360.6453,
          7390449.4813
        ]
      },
      "geometry_name": "ge_ponto",
      "properties": {
        "cd_identificador_heliponto": 13659,
        "cd_processo_administrativo_heliponto": "2011-0.105.441-3",
        "nm_empreendimento_heliponto": "Heliponto Edifício Corporate Park",
        "tp_logradouro_heliponto": "Rua",
        "nm_logradouro_heliponto": "Dr. Renato Paes de Barros",
        "nr_endereco_heliponto": 1017,
        "nr_complementar_endereco_heliponto": null,
        "tx_complementar_endereco_heliponto": null,
        "nm_distrito_municipal": "ITAIM BIBI",
        "tx_endereco_heliponto": "SIMM",
        "cd_parecer_tecnico": "032/CADES/2011",
        "cd_parecer_decont": "037/DECONT-2/2011",
        "dt_publicacao_diario_oficial": "2011-10-01Z",
        "tx_link_diario_oficial": "https://www.imprensaoficial.com.br/Certificacao/Certificador.aspx?link=%2f2011%2fdiario%2520oficial%2520cidade%2520de%2520sao%2520paulo%2foutubro%2f01%2fpag_0031_88602F4Q2U9POe9PPVGJSKPVU3G.pdf&pagina=31&data=01/10/2011&caderno=Di%C3%A1rio%20Oficial%20Cidade%20de%20S%C3%A3o%20Paulo",
        "st_deferimento_processo_administrativo": "Indeferido",
        "qt_ciclo_vespertino": 0,
        "qt_ciclo_diurno": 0,
        "qt_total_ciclo_permitido": 0,
        "tx_observacao_heliponto": null
      }
    },
    {
      "type": "Feature",
      "id": "heliponto.13660",
      "geometry": {
        "type": "Point",
        "coordinates": [
          322950.3162,
          7384253.229
        ]
      },
      "geometry_name": "ge_ponto",
      "properties": {
        "cd_identificador_heliponto": 13660,
        "cd_processo_administrativo_heliponto": "2010-0.061.370-0",
        "nm_empreendimento_heliponto": "Heliponto Band TIM",
        "tp_logradouro_heliponto": "Avenida",
        "nm_logradouro_heliponto": "Giovanni Gronchi",
        "nr_endereco_heliponto": 7143,
        "nr_complementar_endereco_heliponto": null,
        "tx_complementar_endereco_heliponto": null,
        "nm_distrito_municipal": "VILA ANDRADE",
        "tx_endereco_heliponto": null,
        "cd_parecer_tecnico": "037/CADES/2011",
        "cd_parecer_decont": "046/DECONT-2/2011",
        "dt_publicacao_diario_oficial": "2011-11-12Z",
        "tx_link_diario_oficial": "https://www.imprensaoficial.com.br/Certificacao/Certificador.aspx?link=%2f2011%2fdiario%2520oficial%2520cidade%2520de%2520sao%2520paulo%2fnovembro%2f12%2fpag_0035_A1H5998TI94RCe3NAQ5EF05UIBV.pdf&pagina=35&data=12/11/2011&caderno=Di%C3%A1rio%20Oficial%20Cidade%20de%20S%C3%A3o%20Paulo",
        "st_deferimento_processo_administrativo": "Indeferido",
        "qt_ciclo_vespertino": 0,
        "qt_ciclo_diurno": 0,
        "qt_total_ciclo_permitido": 0,
        "tx_observacao_heliponto": null
      }
    },
    {
      "type": "Feature",
      "id": "heliponto.13661",
      "geometry": {
        "type": "Point",
        "coordinates": [
          324045.74,
          7383049.074
        ]
      },
      "geometry_name": "ge_ponto",
      "properties": {
        "cd_identificador_heliponto": 13661,
        "cd_processo_administrativo_heliponto": "2010-0.332.332-0",
        "nm_empreendimento_heliponto": "Heliponto Grupo Santander Banespa – Panamérica Park",
        "tp_logradouro_heliponto": "Avenida",
        "nm_logradouro_heliponto": "Guido Caloi",
        "nr_endereco_heliponto": 1000,
        "nr_complementar_endereco_heliponto": null,
        "tx_complementar_endereco_heliponto": null,
        "nm_distrito_municipal": "JARDIM SAO LUIS",
        "tx_endereco_heliponto": "SJAN",
        "cd_parecer_tecnico": "034/CADES/2011",
        "cd_parecer_decont": "045/DECONT-2/2011",
        "dt_publicacao_diario_oficial": "2011-11-12Z",
        "tx_link_diario_oficial": "https://www.imprensaoficial.com.br/Certificacao/Certificador.aspx?link=%2f2011%2fdiario%2520oficial%2520cidade%2520de%2520sao%2520paulo%2fnovembro%2f12%2fpag_0029_7S1CI681MH1L7e0Q03BQOECU887.pdf&pagina=29&data=12/11/2011&caderno=Di%C3%A1rio%20Oficial%20Cidade%20de%20S%C3%A3o%20Paulo",
        "st_deferimento_processo_administrativo": "Deferido",
        "qt_ciclo_vespertino": 0,
        "qt_ciclo_diurno": 3,
        "qt_total_ciclo_permitido": 3,
        "tx_observacao_heliponto": null
      }
    },
    {
      "type": "Feature",
      "id": "heliponto.13662",
      "geometry": {
        "type": "Point",
        "coordinates": [
          329061.0018,
          7390462.9784
        ]
      },
      "geometry_name": "ge_ponto",
      "properties": {
        "cd_identificador_heliponto": 13662,
        "cd_processo_administrativo_heliponto": "2011-0.031.569-8",
        "nm_empreendimento_heliponto": "Heliponto Brazil Realty S.A. Empreendimentos e Participações/JKFC",
        "tp_logradouro_heliponto": "Avenida",
        "nm_logradouro_heliponto": "Presidente Juscelino Kubitschek",
        "nr_endereco_heliponto": 510,
        "nr_complementar_endereco_heliponto": null,
        "tx_complementar_endereco_heliponto": null,
        "nm_distrito_municipal": "ITAIM BIBI",
        "tx_endereco_heliponto": "SDGW",
        "cd_parecer_tecnico": "031/CADES/2011",
        "cd_parecer_decont": "023/DECONT-2/2011",
        "dt_publicacao_diario_oficial": "2011-10-01Z",
        "tx_link_diario_oficial": "https://www.imprensaoficial.com.br/Certificacao/Certificador.aspx?link=%2f2011%2fdiario%2520oficial%2520cidade%2520de%2520sao%2520paulo%2foutubro%2f01%2fpag_0030_63L6O0ILQ86JSe2401TGCFFSBGF.pdf&pagina=30&data=01/10/2011&caderno=Di%C3%A1rio%20Oficial%20Cidade%20de%20S%C3%A3o%20Paulo",
        "st_deferimento_processo_administrativo": "Indeferido",
        "qt_ciclo_vespertino": 0,
        "qt_ciclo_diurno": 0,
        "qt_total_ciclo_permitido": 0,
        "tx_observacao_heliponto": null
      }
    },
    {
      "type": "Feature",
      "id": "heliponto.13663",
      "geometry": {
        "type": "Point",
        "coordinates": [
          332387.7036,
          7392946.5839
        ]
      },
      "geometry_name": "ge_ponto",
      "properties": {
        "cd_identificador_heliponto": 13663,
        "cd_processo_administrativo_heliponto": "2010-0.179.015-0",
        "nm_empreendimento_heliponto": "Heliponto do Hospital Amil Paulistano",
        "tp_logradouro_heliponto": "Rua",
        "nm_logradouro_heliponto": "Martiniano de Carvalho",
        "nr_endereco_heliponto": 741,
        "nr_complementar_endereco_heliponto": null,
        "tx_complementar_endereco_heliponto": null,
        "nm_distrito_municipal": "BELA VISTA",
        "tx_endereco_heliponto": "SDAP",
        "cd_parecer_tecnico": "005/CADES/2010",
        "cd_parecer_decont": "021/DECONT-2/2010",
        "dt_publicacao_diario_oficial": "2010-11-23Z",
        "tx_link_diario_oficial": "http://www.imprensaoficial.com.br/Certificacao/Certificador.aspx?link=%2f2010%2fdiario%2520oficial%2520cidade%2520de%2520sao%2520paulo%2fnovembro%2f23%2fpag_0027_F2KC0T2CBC4K4e1B3O7E9JCGDOH.pdf&pagina=27&data=23/11/2010&caderno=Di%C3%A1rio%20Oficial%20Cidade%20de%20S%C3%A3o%20Paulo",
        "st_deferimento_processo_administrativo": "Deferido",
        "qt_ciclo_vespertino": 0,
        "qt_ciclo_diurno": 1,
        "qt_total_ciclo_permitido": 1,
        "tx_observacao_heliponto": null
      }
    },
    {
      "type": "Feature",
      "id": "heliponto.13664",
      "geometry": {
        "type": "Point",
        "coordinates": [
          318949.7315,
          7378689.6026
        ]
      },
      "geometry_name": "ge_ponto",
      "properties": {
        "cd_identificador_heliponto": 13664,
        "cd_processo_administrativo_heliponto": "2010-0.157.568-3",
        "nm_empreendimento_heliponto": "Heliponto do Hospital M’ Boi Mirim",
        "tp_logradouro_heliponto": "Estrada",
        "nm_logradouro_heliponto": "M'Boi Mirim",
        "nr_endereco_heliponto": 5203,
        "nr_complementar_endereco_heliponto": null,
        "tx_complementar_endereco_heliponto": null,
        "nm_distrito_municipal": "JARDIM ANGELA",
        "tx_endereco_heliponto": null,
        "cd_parecer_tecnico": "005/CADES/2010",
        "cd_parecer_decont": "028/DECONT-2/2010",
        "dt_publicacao_diario_oficial": "2010-11-23Z",
        "tx_link_diario_oficial": "https://www.imprensaoficial.com.br/Certificacao/Certificador.aspx?link=%2f2010%2fdiario%2520oficial%2520cidade%2520de%2520sao%2520paulo%2fnovembro%2f23%2fpag_0027_F2KC0T2CBC4K4e1B3O7E9JCGDOH.pdf&pagina=27&data=23/11/2010&caderno=Di%C3%A1rio%20Oficial%20Cidade%20de%20S%C3%A3o%20Paulo",
        "st_deferimento_processo_administrativo": "Deferido",
        "qt_ciclo_vespertino": 0,
        "qt_ciclo_diurno": 4,
        "qt_total_ciclo_permitido": 4,
        "tx_observacao_heliponto": null
      }
    },
    {
      "type": "Feature",
      "id": "heliponto.13665",
      "geometry": {
        "type": "Point",
        "coordinates": [
          350836.9913,
          7394422.1523
        ]
      },
      "geometry_name": "ge_ponto",
      "properties": {
        "cd_identificador_heliponto": 13665,
        "cd_processo_administrativo_heliponto": "2011-0.101.448-9",
        "nm_empreendimento_heliponto": "Hospital Santa Marcelina",
        "tp_logradouro_heliponto": "Rua",
        "nm_logradouro_heliponto": "Santa Marcelina",
        "nr_endereco_heliponto": 177,
        "nr_complementar_endereco_heliponto": null,
        "tx_complementar_endereco_heliponto": null,
        "nm_distrito_municipal": "PARQUE DO CARMO",
        "tx_endereco_heliponto": "SDYO",
        "cd_parecer_tecnico": "027/CADES/2011",
        "cd_parecer_decont": "036/DECONT-2/2011",
        "dt_publicacao_diario_oficial": "2011-10-01Z",
        "tx_link_diario_oficial": "https://www.imprensaoficial.com.br/Certificacao/Certificador.aspx?link=%2f2011%2fdiario%2520oficial%2520cidade%2520de%2520sao%2520paulo%2foutubro%2f01%2fpag_0025_3AFGEMMUI67MVeCBA889C91R5G1.pdf&pagina=25&data=01/10/2011&caderno=Di%C3%A1rio%20Oficial%20Cidade%20de%20S%C3%A3o%20Paulo",
        "st_deferimento_processo_administrativo": "Deferido",
        "qt_ciclo_vespertino": 0,
        "qt_ciclo_diurno": 3,
        "qt_total_ciclo_permitido": 3,
        "tx_observacao_heliponto": null
      }
    },
    {
      "type": "Feature",
      "id": "heliponto.13666",
      "geometry": {
        "type": "Point",
        "coordinates": [
          330812.1924,
          7393631.4181
        ]
      },
      "geometry_name": "ge_ponto",
      "properties": {
        "cd_identificador_heliponto": 13666,
        "cd_processo_administrativo_heliponto": "2011-0.069.940-2",
        "nm_empreendimento_heliponto": "Heliponto Condomínio Cetenco Plaza – Torre Norte",
        "tp_logradouro_heliponto": "Avenida",
        "nm_logradouro_heliponto": "Paulista",
        "nr_endereco_heliponto": 1842,
        "nr_complementar_endereco_heliponto": null,
        "tx_complementar_endereco_heliponto": null,
        "nm_distrito_municipal": "BELA VISTA",
        "tx_endereco_heliponto": "SDHT",
        "cd_parecer_tecnico": "030/CADES/2011",
        "cd_parecer_decont": "039/DECONT-2/2011",
        "dt_publicacao_diario_oficial": "2011-10-01Z",
        "tx_link_diario_oficial": "https://www.imprensaoficial.com.br/Certificacao/Certificador.aspx?link=%2f2011%2fdiario%2520oficial%2520cidade%2520de%2520sao%2520paulo%2foutubro%2f01%2fpag_0029_6A2EBNTJ1UQLSe3MMKP6N3V0RTT.pdf&pagina=29&data=01/10/2011&caderno=Di%C3%A1rio%20Oficial%20Cidade%20de%20S%C3%A3o%20Paulo",
        "st_deferimento_processo_administrativo": "Indeferido",
        "qt_ciclo_vespertino": 0,
        "qt_ciclo_diurno": 0,
        "qt_total_ciclo_permitido": 0,
        "tx_observacao_heliponto": null
      }
    },
    {
      "type": "Feature",
      "id": "heliponto.13667",
      "geometry": {
        "type": "Point",
        "coordinates": [
          339490.6067,
          7396766.001
        ]
      },
      "geometry_name": "ge_ponto",
      "properties": {
        "cd_identificador_heliponto": 13667,
        "cd_processo_administrativo_heliponto": "2011-0.098.970-2",
        "nm_empreendimento_heliponto": "Heliponto Itaú Unibanco S/A",
        "tp_logradouro_heliponto": "Rua",
        "nm_logradouro_heliponto": "Ururaí",
        "nr_endereco_heliponto": 111,
        "nr_complementar_endereco_heliponto": null,
        "tx_complementar_endereco_heliponto": null,
        "nm_distrito_municipal": "TATUAPE",
        "tx_endereco_heliponto": "SNLR",
        "cd_parecer_tecnico": "013/CADES/2011",
        "cd_parecer_decont": "026/DECONT-2/2011",
        "dt_publicacao_diario_oficial": "2011-07-01Z",
        "tx_link_diario_oficial": "https://www.imprensaoficial.com.br/Certificacao/Certificador.aspx?link=%2f2011%2fdiario%2520oficial%2520cidade%2520de%2520sao%2520paulo%2fjulho%2f01%2fpag_0026_07Q5J7MTEJLMJe8U5R3MQOVOKC5.pdf&pagina=26&data=01/07/2011&caderno=Di%C3%A1rio%20Oficial%20Cidade%20de%20S%C3%A3o%20Paulo",
        "st_deferimento_processo_administrativo": "Indeferido",
        "qt_ciclo_vespertino": 0,
        "qt_ciclo_diurno": 0,
        "qt_total_ciclo_permitido": 0,
        "tx_observacao_heliponto": null
      }
    },
    {
      "type": "Feature",
      "id": "heliponto.13668",
      "geometry": {
        "type": "Point",
        "coordinates": [
          329517.8242,
          7390810.3484
        ]
      },
      "geometry_name": "ge_ponto",
      "properties": {
        "cd_identificador_heliponto": 13668,
        "cd_processo_administrativo_heliponto": "2015-0.171.420-8",
        "nm_empreendimento_heliponto": "Heliponto HSM Itaim",
        "tp_logradouro_heliponto": "Avenida",
        "nm_logradouro_heliponto": "Santo Amaro",
        "nr_endereco_heliponto": 22,
        "nr_complementar_endereco_heliponto": null,
        "tx_complementar_endereco_heliponto": null,
        "nm_distrito_municipal": "ITAIM BIBI",
        "tx_endereco_heliponto": null,
        "cd_parecer_tecnico": "037/CADES/2015",
        "cd_parecer_decont": "035/DECONT-2/2015",
        "dt_publicacao_diario_oficial": "2015-12-23Z",
        "tx_link_diario_oficial": "https://www.imprensaoficial.com.br/Certificacao/Certificador.aspx?link=%2f2015%2fdiario%2520oficial%2520cidade%2520de%2520sao%2520paulo%2fdezembro%2f23%2fpag_0027_0UO6BFJSJR1RGe5EOEIOF04PE0F.pdf&pagina=27&data=23/12/2015&caderno=Di%C3%A1rio%20Oficial%20Cidade%20de%20S%C3%A3o%20Paulo",
        "st_deferimento_processo_administrativo": "Deferido",
        "qt_ciclo_vespertino": 0,
        "qt_ciclo_diurno": 4,
        "qt_total_ciclo_permitido": 4,
        "tx_observacao_heliponto": null
      }
    },
    {
      "type": "Feature",
      "id": "heliponto.13669",
      "geometry": {
        "type": "Point",
        "coordinates": [
          326075.4778,
          7386244.7496
        ]
      },
      "geometry_name": "ge_ponto",
      "properties": {
        "cd_identificador_heliponto": 13669,
        "cd_processo_administrativo_heliponto": "2012-0.139.755-0",
        "nm_empreendimento_heliponto": "Heliponto BMX Torre B1",
        "tp_logradouro_heliponto": "Rua",
        "nm_logradouro_heliponto": "Engenheiro Mesquita Sampaio",
        "nr_endereco_heliponto": 782,
        "nr_complementar_endereco_heliponto": null,
        "tx_complementar_endereco_heliponto": "com a x Av. Nações Unidas",
        "nm_distrito_municipal": "SANTO AMARO",
        "tx_endereco_heliponto": null,
        "cd_parecer_tecnico": "050/CADES/2013",
        "cd_parecer_decont": "017/DECONT-2/GTAIA/2013",
        "dt_publicacao_diario_oficial": "2013-05-11Z",
        "tx_link_diario_oficial": "https://www.imprensaoficial.com.br/Certificacao/Certificador.aspx?link=%2f2013%2fdiario%2520oficial%2520cidade%2520de%2520sao%2520paulo%2fmaio%2f11%2fpag_0028_859LQR58HOP4Je3AHATC576C9UU.pdf&pagina=28&data=11/05/2013&caderno=Di%C3%A1rio%20Oficial%20Cidade%20de%20S%C3%A3o%20Paulo",
        "st_deferimento_processo_administrativo": "Deferido",
        "qt_ciclo_vespertino": 0,
        "qt_ciclo_diurno": 2,
        "qt_total_ciclo_permitido": 2,
        "tx_observacao_heliponto": null
      }
    },
    {
      "type": "Feature",
      "id": "heliponto.13670",
      "geometry": {
        "type": "Point",
        "coordinates": [
          328959.7703,
          7396440.19
        ]
      },
      "geometry_name": "ge_ponto",
      "properties": {
        "cd_identificador_heliponto": 13670,
        "cd_processo_administrativo_heliponto": "2010-0.207.347-9",
        "nm_empreendimento_heliponto": "Heliponto do Hospital Albert Einstein",
        "tp_logradouro_heliponto": "Rua",
        "nm_logradouro_heliponto": "Apiacás",
        "nr_endereco_heliponto": 59,
        "nr_complementar_endereco_heliponto": null,
        "tx_complementar_endereco_heliponto": null,
        "nm_distrito_municipal": "PERDIZES",
        "tx_endereco_heliponto": null,
        "cd_parecer_tecnico": "005/CADES/2010",
        "cd_parecer_decont": "031/DECONT-2/2010",
        "dt_publicacao_diario_oficial": "2010-11-23Z",
        "tx_link_diario_oficial": "https://www.imprensaoficial.com.br/Certificacao/Certificador.aspx?link=%2f2010%2fdiario%2520oficial%2520cidade%2520de%2520sao%2520paulo%2fnovembro%2f23%2fpag_0028_FLEL12QV9KE0Qe0DCQKHHOM4Q3O.pdf&pagina=28&data=23/11/2010&caderno=Di%C3%A1rio%20Oficial%20Cidade%20de%20S%C3%A3o%20Paulo",
        "st_deferimento_processo_administrativo": "Deferido",
        "qt_ciclo_vespertino": 0,
        "qt_ciclo_diurno": 3,
        "qt_total_ciclo_permitido": 3,
        "tx_observacao_heliponto": null
      }
    },
    {
      "type": "Feature",
      "id": "heliponto.13671",
      "geometry": {
        "type": "Point",
        "coordinates": [
          327456.625,
          7390021.9208
        ]
      },
      "geometry_name": "ge_ponto",
      "properties": {
        "cd_identificador_heliponto": 13671,
        "cd_processo_administrativo_heliponto": "2011-0.294.390-4",
        "nm_empreendimento_heliponto": "Heliponto Santander",
        "tp_logradouro_heliponto": "Avenida",
        "nm_logradouro_heliponto": "Presidente Juscelino Kubitschek",
        "nr_endereco_heliponto": 2041,
        "nr_complementar_endereco_heliponto": null,
        "tx_complementar_endereco_heliponto": null,
        "nm_distrito_municipal": "ITAIM BIBI",
        "tx_endereco_heliponto": "SWHH",
        "cd_parecer_tecnico": "036/CADES/2012",
        "cd_parecer_decont": "189/DECONT-2/GTAIA/2012",
        "dt_publicacao_diario_oficial": "2012-10-26Z",
        "tx_link_diario_oficial": "https://www.imprensaoficial.com.br/Certificacao/Certificador.aspx?link=%2f2012%2fdiario%2520oficial%2520cidade%2520de%2520sao%2520paulo%2foutubro%2f27%2fpag_0022_561SIVDP41L12e07AHN5JRR23LV.pdf&pagina=22&data=27/10/2012&caderno=Di%C3%A1rio%20Oficial%20Cidade%20de%20S%C3%A3o%20Paulo",
        "st_deferimento_processo_administrativo": "Deferido",
        "qt_ciclo_vespertino": 0,
        "qt_ciclo_diurno": 11,
        "qt_total_ciclo_permitido": 11,
        "tx_observacao_heliponto": null
      }
    },
    {
      "type": "Feature",
      "id": "heliponto.13672",
      "geometry": {
        "type": "Point",
        "coordinates": [
          326746.515,
          7391972.0587
        ]
      },
      "geometry_name": "ge_ponto",
      "properties": {
        "cd_identificador_heliponto": 13672,
        "cd_processo_administrativo_heliponto": "2010-0.097.868-7",
        "nm_empreendimento_heliponto": "Heliponto Eldorado",
        "tp_logradouro_heliponto": "Avenida",
        "nm_logradouro_heliponto": "das Nações Unidas",
        "nr_endereco_heliponto": 8501,
        "nr_complementar_endereco_heliponto": null,
        "tx_complementar_endereco_heliponto": null,
        "nm_distrito_municipal": "PINHEIROS",
        "tx_endereco_heliponto": "SJXK",
        "cd_parecer_tecnico": "005/CADES/2010",
        "cd_parecer_decont": "025/DECONT-2/2010",
        "dt_publicacao_diario_oficial": "2010-11-23Z",
        "tx_link_diario_oficial": "https://www.imprensaoficial.com.br/Certificacao/Certificador.aspx?link=%2f2010%2fdiario%2520oficial%2520cidade%2520de%2520sao%2520paulo%2fnovembro%2f23%2fpag_0029_86S8GNVTGSELMeDOA40399QHKQ0.pdf&pagina=29&data=23/11/2010&caderno=Di%C3%A1rio%20Oficial%20Cidade%20de%20S%C3%A3o%20Paulo",
        "st_deferimento_processo_administrativo": "Deferido",
        "qt_ciclo_vespertino": 0,
        "qt_ciclo_diurno": 2,
        "qt_total_ciclo_permitido": 2,
        "tx_observacao_heliponto": null
      }
    },
    {
      "type": "Feature",
      "id": "heliponto.13673",
      "geometry": {
        "type": "Point",
        "coordinates": [
          326004.5553,
          7386218.08
        ]
      },
      "geometry_name": "ge_ponto",
      "properties": {
        "cd_identificador_heliponto": 13673,
        "cd_processo_administrativo_heliponto": "2012-0.139.769-0",
        "nm_empreendimento_heliponto": "Heliponto BMX Torre A2",
        "tp_logradouro_heliponto": "Rua",
        "nm_logradouro_heliponto": "Engenheiro Mesquita Sampaio",
        "nr_endereco_heliponto": 782,
        "nr_complementar_endereco_heliponto": null,
        "tx_complementar_endereco_heliponto": null,
        "nm_distrito_municipal": "SANTO AMARO",
        "tx_endereco_heliponto": null,
        "cd_parecer_tecnico": "051/CADES/2013",
        "cd_parecer_decont": "016/DECONT-2/GTAIA/2013",
        "dt_publicacao_diario_oficial": "2013-05-11Z",
        "tx_link_diario_oficial": "https://www.imprensaoficial.com.br/Certificacao/Certificador.aspx?link=%2f2013%2fdiario%2520oficial%2520cidade%2520de%2520sao%2520paulo%2fmaio%2f11%2fpag_0029_4GP6EMV8NNKTKeEOCO645S4CF3G.pdf&pagina=29&data=11/05/2013&caderno=Di%C3%A1rio%20Oficial%20Cidade%20de%20S%C3%A3o%20Paulo",
        "st_deferimento_processo_administrativo": "Deferido",
        "qt_ciclo_vespertino": 0,
        "qt_ciclo_diurno": 2,
        "qt_total_ciclo_permitido": 2,
        "tx_observacao_heliponto": null
      }
    },
    {
      "type": "Feature",
      "id": "heliponto.13674",
      "geometry": {
        "type": "Point",
        "coordinates": [
          326222.2147,
          7386266.5848
        ]
      },
      "geometry_name": "ge_ponto",
      "properties": {
        "cd_identificador_heliponto": 13674,
        "cd_processo_administrativo_heliponto": "2012-0.139.773-8",
        "nm_empreendimento_heliponto": "Heliponto BMX Torre B3",
        "tp_logradouro_heliponto": "Rua",
        "nm_logradouro_heliponto": "Engenheiro Mesquita Sampaio",
        "nr_endereco_heliponto": 782,
        "nr_complementar_endereco_heliponto": null,
        "tx_complementar_endereco_heliponto": "com a x Av. Nações Unidas",
        "nm_distrito_municipal": "SANTO AMARO",
        "tx_endereco_heliponto": null,
        "cd_parecer_tecnico": "047/CADES/2013",
        "cd_parecer_decont": "019/DECONT-2/GTAIA/2013",
        "dt_publicacao_diario_oficial": "2013-05-11Z",
        "tx_link_diario_oficial": "https://www.imprensaoficial.com.br/Certificacao/Certificador.aspx?link=%2f2013%2fdiario%2520oficial%2520cidade%2520de%2520sao%2520paulo%2fmaio%2f11%2fpag_0027_FSJJQJB9BK8DKeBTRG474VKC722.pdf&pagina=27&data=11/05/2013&caderno=Di%C3%A1rio%20Oficial%20Cidade%20de%20S%C3%A3o%20Paulo",
        "st_deferimento_processo_administrativo": "Deferido",
        "qt_ciclo_vespertino": 0,
        "qt_ciclo_diurno": 2,
        "qt_total_ciclo_permitido": 2,
        "tx_observacao_heliponto": null
      }
    },
    {
      "type": "Feature",
      "id": "heliponto.13675",
      "geometry": {
        "type": "Point",
        "coordinates": [
          324902.1109,
          7390453.0809
        ]
      },
      "geometry_name": "ge_ponto",
      "properties": {
        "cd_identificador_heliponto": 13675,
        "cd_processo_administrativo_heliponto": "2014-0.047.615-8",
        "nm_empreendimento_heliponto": "Heliponto Valério",
        "tp_logradouro_heliponto": "Rua",
        "nm_logradouro_heliponto": "Padre Eugenio Lopes",
        "nr_endereco_heliponto": 361,
        "nr_complementar_endereco_heliponto": null,
        "tx_complementar_endereco_heliponto": null,
        "nm_distrito_municipal": "MORUMBI",
        "tx_endereco_heliponto": null,
        "cd_parecer_tecnico": "006/CADES/2015",
        "cd_parecer_decont": "046/DECONT-2/GTAIA/2015",
        "dt_publicacao_diario_oficial": "2015-04-25Z",
        "tx_link_diario_oficial": "https://www.imprensaoficial.com.br/Certificacao/Certificador.aspx?link=%2f2015%2fdiario%2520oficial%2520cidade%2520de%2520sao%2520paulo%2fabril%2f25%2fpag_0035_7RJ8QJKGGFP3Ae12A92B9BG4BRH.pdf&pagina=35&data=25/04/2015&caderno=Di%C3%A1rio%20Oficial%20Cidade%20de%20S%C3%A3o%20Paulo",
        "st_deferimento_processo_administrativo": "Indeferido",
        "qt_ciclo_vespertino": 0,
        "qt_ciclo_diurno": 0,
        "qt_total_ciclo_permitido": 0,
        "tx_observacao_heliponto": null
      }
    },
    {
      "type": "Feature",
      "id": "heliponto.13676",
      "geometry": {
        "type": "Point",
        "coordinates": [
          326399.3811,
          7386016.2028
        ]
      },
      "geometry_name": "ge_ponto",
      "properties": {
        "cd_identificador_heliponto": 13676,
        "cd_processo_administrativo_heliponto": "2013-0.208.848-0",
        "nm_empreendimento_heliponto": "Heliponto EZ Towers B",
        "tp_logradouro_heliponto": "Avenida",
        "nm_logradouro_heliponto": "Dr. Chucri Zaidan ",
        "nr_endereco_heliponto": 0,
        "nr_complementar_endereco_heliponto": null,
        "tx_complementar_endereco_heliponto": "Esquina com a Rua Enxovias",
        "nm_distrito_municipal": "SANTO AMARO",
        "tx_endereco_heliponto": "SJBO",
        "cd_parecer_tecnico": "021/CADES/2015",
        "cd_parecer_decont": "019/DECONT-2/GTAIA/2015",
        "dt_publicacao_diario_oficial": "2015-07-08Z",
        "tx_link_diario_oficial": "https://www.imprensaoficial.com.br/Certificacao/Certificador.aspx?link=%2f2015%2fdiario%2520oficial%2520cidade%2520de%2520sao%2520paulo%2fjulho%2f08%2fpag_0040_913HEBHJJ7RKNeB54QHO75VH2R3.pdf&pagina=40&data=08/07/2015&caderno=Di%C3%A1rio%20Oficial%20Cidade%20de%20S%C3%A3o%20Paulo",
        "st_deferimento_processo_administrativo": "Deferido",
        "qt_ciclo_vespertino": 0,
        "qt_ciclo_diurno": 4,
        "qt_total_ciclo_permitido": 4,
        "tx_observacao_heliponto": null
      }
    },
    {
      "type": "Feature",
      "id": "heliponto.13677",
      "geometry": {
        "type": "Point",
        "coordinates": [
          326234.412,
          7386350.3473
        ]
      },
      "geometry_name": "ge_ponto",
      "properties": {
        "cd_identificador_heliponto": 13677,
        "cd_processo_administrativo_heliponto": "2012-0.139.761-4",
        "nm_empreendimento_heliponto": "Heliponto BMX Torre C1",
        "tp_logradouro_heliponto": "Rua",
        "nm_logradouro_heliponto": "Engenheiro Mesquita Sampaio",
        "nr_endereco_heliponto": 782,
        "nr_complementar_endereco_heliponto": null,
        "tx_complementar_endereco_heliponto": "com a x Av. Nações Unidas",
        "nm_distrito_municipal": "SANTO AMARO",
        "tx_endereco_heliponto": "SDDS",
        "cd_parecer_tecnico": "052/CADES/2013",
        "cd_parecer_decont": "020/DECONT-2/GTAIA/2013",
        "dt_publicacao_diario_oficial": "2013-05-11Z",
        "tx_link_diario_oficial": "https://www.imprensaoficial.com.br/Certificacao/Certificador.aspx?link=%2f2013%2fdiario%2520oficial%2520cidade%2520de%2520sao%2520paulo%2fmaio%2f11%2fpag_0028_859LQR58HOP4Je3AHATC576C9UU.pdf&pagina=28&data=11/05/2013&caderno=Di%C3%A1rio%20Oficial%20Cidade%20de%20S%C3%A3o%20Paulo",
        "st_deferimento_processo_administrativo": "Deferido",
        "qt_ciclo_vespertino": 0,
        "qt_ciclo_diurno": 2,
        "qt_total_ciclo_permitido": 2,
        "tx_observacao_heliponto": null
      }
    },
    {
      "type": "Feature",
      "id": "heliponto.13678",
      "geometry": {
        "type": "Point",
        "coordinates": [
          326151.2614,
          7386253.8579
        ]
      },
      "geometry_name": "ge_ponto",
      "properties": {
        "cd_identificador_heliponto": 13678,
        "cd_processo_administrativo_heliponto": "2013-0.060.751-0",
        "nm_empreendimento_heliponto": "Heliponto BMX Torre B2",
        "tp_logradouro_heliponto": "Rua",
        "nm_logradouro_heliponto": "Engenheiro Mesquita Sampaio",
        "nr_endereco_heliponto": 782,
        "nr_complementar_endereco_heliponto": null,
        "tx_complementar_endereco_heliponto": "com a x Av. Nações Unidas",
        "nm_distrito_municipal": "SANTO AMARO",
        "tx_endereco_heliponto": null,
        "cd_parecer_tecnico": "049/CADES/2013",
        "cd_parecer_decont": "018/DECONT-2/GTAIA/2013",
        "dt_publicacao_diario_oficial": "2013-05-11Z",
        "tx_link_diario_oficial": "https://www.imprensaoficial.com.br/Certificacao/Certificador.aspx?link=%2f2013%2fdiario%2520oficial%2520cidade%2520de%2520sao%2520paulo%2fmaio%2f11%2fpag_0028_859LQR58HOP4Je3AHATC576C9UU.pdf&pagina=28&data=11/05/2013&caderno=Di%C3%A1rio%20Oficial%20Cidade%20de%20S%C3%A3o%20Paulo",
        "st_deferimento_processo_administrativo": "Deferido",
        "qt_ciclo_vespertino": 0,
        "qt_ciclo_diurno": 2,
        "qt_total_ciclo_permitido": 2,
        "tx_observacao_heliponto": null
      }
    },
    {
      "type": "Feature",
      "id": "heliponto.13679",
      "geometry": {
        "type": "Point",
        "coordinates": [
          328132.4328,
          7391196.9288
        ]
      },
      "geometry_name": "ge_ponto",
      "properties": {
        "cd_identificador_heliponto": 13679,
        "cd_processo_administrativo_heliponto": "2010-0.306.024-9",
        "nm_empreendimento_heliponto": "Heliponto Condomínio Edifício Dacon",
        "tp_logradouro_heliponto": "Avenida",
        "nm_logradouro_heliponto": "Cidade Jardim",
        "nr_endereco_heliponto": 400,
        "nr_complementar_endereco_heliponto": null,
        "tx_complementar_endereco_heliponto": null,
        "nm_distrito_municipal": "PINHEIROS",
        "tx_endereco_heliponto": "SDKT",
        "cd_parecer_tecnico": "014/CADES/2011",
        "cd_parecer_decont": "051/DECONT-2/2011",
        "dt_publicacao_diario_oficial": "2011-07-01Z",
        "tx_link_diario_oficial": "https://www.imprensaoficial.com.br/Certificacao/Certificador.aspx?link=%2f2011%2fdiario%2520oficial%2520cidade%2520de%2520sao%2520paulo%2fjulho%2f01%2fpag_0026_07Q5J7MTEJLMJe8U5R3MQOVOKC5.pdf&pagina=26&data=01/07/2011&caderno=Di%C3%A1rio%20Oficial%20Cidade%20de%20S%C3%A3o%20Paulo",
        "st_deferimento_processo_administrativo": "Indeferido",
        "qt_ciclo_vespertino": 0,
        "qt_ciclo_diurno": 0,
        "qt_total_ciclo_permitido": 0,
        "tx_observacao_heliponto": null
      }
    },
    {
      "type": "Feature",
      "id": "heliponto.13680",
      "geometry": {
        "type": "Point",
        "coordinates": [
          325755.6753,
          7386009.0529
        ]
      },
      "geometry_name": "ge_ponto",
      "properties": {
        "cd_identificador_heliponto": 13680,
        "cd_processo_administrativo_heliponto": "2010-0.175.896-6",
        "nm_empreendimento_heliponto": "Heliponto Mantecorp",
        "tp_logradouro_heliponto": "Rua",
        "nm_logradouro_heliponto": "Antônio das Chagas",
        "nr_endereco_heliponto": 1623,
        "nr_complementar_endereco_heliponto": null,
        "tx_complementar_endereco_heliponto": null,
        "nm_distrito_municipal": "SANTO AMARO",
        "tx_endereco_heliponto": null,
        "cd_parecer_tecnico": "016/CADES/2011",
        "cd_parecer_decont": "004/DECONT-2/2011",
        "dt_publicacao_diario_oficial": "2011-07-01Z",
        "tx_link_diario_oficial": "https://www.imprensaoficial.com.br/Certificacao/Certificador.aspx?link=%2f2011%2fdiario%2520oficial%2520cidade%2520de%2520sao%2520paulo%2fjulho%2f01%2fpag_0028_7COUDT75VBELLeAA7GTEVCTOVDL.pdf&pagina=28&data=01/07/2011&caderno=Di%C3%A1rio%20Oficial%20Cidade%20de%20S%C3%A3o%20Paulo",
        "st_deferimento_processo_administrativo": "Deferido",
        "qt_ciclo_vespertino": 0,
        "qt_ciclo_diurno": 3,
        "qt_total_ciclo_permitido": 3,
        "tx_observacao_heliponto": null
      }
    },
    {
      "type": "Feature",
      "id": "heliponto.13681",
      "geometry": {
        "type": "Point",
        "coordinates": [
          332048.3042,
          7392246.2357
        ]
      },
      "geometry_name": "ge_ponto",
      "properties": {
        "cd_identificador_heliponto": 13681,
        "cd_processo_administrativo_heliponto": "6027.2019/0008417-5",
        "nm_empreendimento_heliponto": "Heliponto Parque Cultural Paulista SDQP",
        "tp_logradouro_heliponto": "Avenida",
        "nm_logradouro_heliponto": "Paulista",
        "nr_endereco_heliponto": 37,
        "nr_complementar_endereco_heliponto": null,
        "tx_complementar_endereco_heliponto": null,
        "nm_distrito_municipal": "VILA MARIANA",
        "tx_endereco_heliponto": "SDQP",
        "cd_parecer_tecnico": "009/CADES/2020",
        "cd_parecer_decont": "002/DAIA/GTH/2020",
        "dt_publicacao_diario_oficial": "2020-07-29Z",
        "tx_link_diario_oficial": "https://www.imprensaoficial.com.br/Certificacao/Certificador.aspx?link=%2f2020%2fdiario%2520oficial%2520cidade%2520de%2520sao%2520paulo%2fjulho%2f30%2fpag_0031_b970e2f1da464bb5b9033c5acac822b0.pdf&pagina=31&data=30/07/2020&caderno=Di%C3%A1rio%20Oficial%20Cidade%20de%20S%C3%A3o%20Paulo",
        "st_deferimento_processo_administrativo": "Deferido",
        "qt_ciclo_vespertino": 0,
        "qt_ciclo_diurno": 6,
        "qt_total_ciclo_permitido": 6,
        "tx_observacao_heliponto": null
      }
    },
    {
      "type": "Feature",
      "id": "heliponto.13682",
      "geometry": {
        "type": "Point",
        "coordinates": [
          332447.7363,
          7392020.9037
        ]
      },
      "geometry_name": "ge_ponto",
      "properties": {
        "cd_identificador_heliponto": 13682,
        "cd_processo_administrativo_heliponto": "2018-0.073.259-3",
        "nm_empreendimento_heliponto": "Heliponto Condomínio Edifício Paulista Plaza",
        "tp_logradouro_heliponto": "Rua",
        "nm_logradouro_heliponto": "do Paraíso",
        "nr_endereco_heliponto": 143,
        "nr_complementar_endereco_heliponto": null,
        "tx_complementar_endereco_heliponto": null,
        "nm_distrito_municipal": "VILA MARIANA",
        "tx_endereco_heliponto": "SIGO",
        "cd_parecer_tecnico": "007/CADES/2020",
        "cd_parecer_decont": "004/DAIA/GTH/2020",
        "dt_publicacao_diario_oficial": "2020-07-29Z",
        "tx_link_diario_oficial": "https://www.imprensaoficial.com.br/Certificacao/Certificador.aspx?link=%2f2020%2fdiario%2520oficial%2520cidade%2520de%2520sao%2520paulo%2fjulho%2f30%2fpag_0031_b970e2f1da464bb5b9033c5acac822b0.pdf&pagina=31&data=30/07/2020&caderno=Di%C3%A1rio%20Oficial%20Cidade%20de%20S%C3%A3o%20Paulo",
        "st_deferimento_processo_administrativo": "Deferido",
        "qt_ciclo_vespertino": 0,
        "qt_ciclo_diurno": 5,
        "qt_total_ciclo_permitido": 5,
        "tx_observacao_heliponto": null
      }
    },
    {
      "type": "Feature",
      "id": "heliponto.13683",
      "geometry": {
        "type": "Point",
        "coordinates": [
          326625.6798,
          7388842.4908
        ]
      },
      "geometry_name": "ge_ponto",
      "properties": {
        "cd_identificador_heliponto": 13683,
        "cd_processo_administrativo_heliponto": "2010-0.155.387-6",
        "nm_empreendimento_heliponto": "Heliponto Continental Tower",
        "tp_logradouro_heliponto": "Avenida",
        "nm_logradouro_heliponto": "Magalhães de Castro",
        "nr_endereco_heliponto": 12100,
        "nr_complementar_endereco_heliponto": null,
        "tx_complementar_endereco_heliponto": null,
        "nm_distrito_municipal": "MORUMBI",
        "tx_endereco_heliponto": "SDMN",
        "cd_parecer_tecnico": "015/CADES/2011",
        "cd_parecer_decont": "022/DECONT-2/2011",
        "dt_publicacao_diario_oficial": "2011-07-01Z",
        "tx_link_diario_oficial": "https://www.imprensaoficial.com.br/Certificacao/Certificador.aspx?link=%2f2011%2fdiario%2520oficial%2520cidade%2520de%2520sao%2520paulo%2fjulho%2f01%2fpag_0027_0EEFUKFPCC960eAU4M6CR0VMVGU.pdf&pagina=27&data=01/07/2011&caderno=Di%C3%A1rio%20Oficial%20Cidade%20de%20S%C3%A3o%20Paulo",
        "st_deferimento_processo_administrativo": "Deferido",
        "qt_ciclo_vespertino": 0,
        "qt_ciclo_diurno": 4,
        "qt_total_ciclo_permitido": 4,
        "tx_observacao_heliponto": null
      }
    },
    {
      "type": "Feature",
      "id": "heliponto.13684",
      "geometry": {
        "type": "Point",
        "coordinates": [
          328402.1372,
          7389908.485
        ]
      },
      "geometry_name": "ge_ponto",
      "properties": {
        "cd_identificador_heliponto": 13684,
        "cd_processo_administrativo_heliponto": "2018-0.008.297-1",
        "nm_empreendimento_heliponto": "Heliponto Miss Silvia Morizono - SNSZ",
        "tp_logradouro_heliponto": "Avenida",
        "nm_logradouro_heliponto": "Brigadeiro Faria Lima",
        "nr_endereco_heliponto": 4100,
        "nr_complementar_endereco_heliponto": null,
        "tx_complementar_endereco_heliponto": null,
        "nm_distrito_municipal": "ITAIM BIBI",
        "tx_endereco_heliponto": "SNSZ",
        "cd_parecer_tecnico": "012/CADES/2020",
        "cd_parecer_decont": "005/DAIA/GTH/2020",
        "dt_publicacao_diario_oficial": "2020-07-29Z",
        "tx_link_diario_oficial": "https://www.imprensaoficial.com.br/Certificacao/Certificador.aspx?link=%2f2020%2fdiario%2520oficial%2520cidade%2520de%2520sao%2520paulo%2fjulho%2f30%2fpag_0031_b970e2f1da464bb5b9033c5acac822b0.pdf&pagina=31&data=30/07/2020&caderno=Di%C3%A1rio%20Oficial%20Cidade%20de%20S%C3%A3o%20Paulo",
        "st_deferimento_processo_administrativo": "Deferido",
        "qt_ciclo_vespertino": 1,
        "qt_ciclo_diurno": 5,
        "qt_total_ciclo_permitido": 6,
        "tx_observacao_heliponto": null
      }
    },
    {
      "type": "Feature",
      "id": "heliponto.13685",
      "geometry": {
        "type": "Point",
        "coordinates": [
          326951.4566,
          7387786.702
        ]
      },
      "geometry_name": "ge_ponto",
      "properties": {
        "cd_identificador_heliponto": 13685,
        "cd_processo_administrativo_heliponto": "2013-0.009.540-3",
        "nm_empreendimento_heliponto": "Heliponto Plaza II / Edifício Torre Sul",
        "tp_logradouro_heliponto": "Rua",
        "nm_logradouro_heliponto": "James Joule",
        "nr_endereco_heliponto": 65,
        "nr_complementar_endereco_heliponto": null,
        "tx_complementar_endereco_heliponto": null,
        "nm_distrito_municipal": "ITAIM BIBI",
        "tx_endereco_heliponto": "SSWD",
        "cd_parecer_tecnico": "042/CADES/2013",
        "cd_parecer_decont": "009/DECONT-2/GTAIA/2013",
        "dt_publicacao_diario_oficial": "2013-05-11Z",
        "tx_link_diario_oficial": "https://www.imprensaoficial.com.br/Certificacao/Certificador.aspx?link=%2f2013%2fdiario%2520oficial%2520cidade%2520de%2520sao%2520paulo%2fmaio%2f11%2fpag_0026_2DE3RFVVLA08Oe9KQ7EHG9SPVSV.pdf&pagina=26&data=11/05/2013&caderno=Di%C3%A1rio%20Oficial%20Cidade%20de%20S%C3%A3o%20Paulo",
        "st_deferimento_processo_administrativo": "Deferido",
        "qt_ciclo_vespertino": 0,
        "qt_ciclo_diurno": 4,
        "qt_total_ciclo_permitido": 4,
        "tx_observacao_heliponto": null
      }
    },
    {
      "type": "Feature",
      "id": "heliponto.13686",
      "geometry": {
        "type": "Point",
        "coordinates": [
          329460.6232,
          7390747.9523
        ]
      },
      "geometry_name": "ge_ponto",
      "properties": {
        "cd_identificador_heliponto": 13686,
        "cd_processo_administrativo_heliponto": "2010-0.206.718-5",
        "nm_empreendimento_heliponto": "Heliponto Rec Berrini S/A",
        "tp_logradouro_heliponto": "Avenida",
        "nm_logradouro_heliponto": "Presidente Juscelino Kubitschek",
        "nr_endereco_heliponto": 50,
        "nr_complementar_endereco_heliponto": null,
        "tx_complementar_endereco_heliponto": null,
        "nm_distrito_municipal": "ITAIM BIBI",
        "tx_endereco_heliponto": null,
        "cd_parecer_tecnico": "019/CADES/2011",
        "cd_parecer_decont": "010/DECONT-2/2011",
        "dt_publicacao_diario_oficial": "2011-07-01Z",
        "tx_link_diario_oficial": "https://www.imprensaoficial.com.br/Certificacao/Certificador.aspx?link=%2f2011%2fdiario%2520oficial%2520cidade%2520de%2520sao%2520paulo%2fjulho%2f01%2fpag_0031_ENLR4709T9QTFe3D5100B8KBIJ6.pdf&pagina=31&data=01/07/2011&caderno=Di%C3%A1rio%20Oficial%20Cidade%20de%20S%C3%A3o%20Paulo",
        "st_deferimento_processo_administrativo": "Deferido",
        "qt_ciclo_vespertino": 0,
        "qt_ciclo_diurno": 2,
        "qt_total_ciclo_permitido": 2,
        "tx_observacao_heliponto": null
      }
    },
    {
      "type": "Feature",
      "id": "heliponto.13687",
      "geometry": {
        "type": "Point",
        "coordinates": [
          327901.3513,
          7389807.801
        ]
      },
      "geometry_name": "ge_ponto",
      "properties": {
        "cd_identificador_heliponto": 13687,
        "cd_processo_administrativo_heliponto": "6027.2019/0008539-2",
        "nm_empreendimento_heliponto": "Heliponto do Privado Atrium IV",
        "tp_logradouro_heliponto": "Rua",
        "nm_logradouro_heliponto": "Helena",
        "nr_endereco_heliponto": 260,
        "nr_complementar_endereco_heliponto": null,
        "tx_complementar_endereco_heliponto": null,
        "nm_distrito_municipal": "ITAIM BIBI",
        "tx_endereco_heliponto": "SDTG",
        "cd_parecer_tecnico": "023/CADES/2020",
        "cd_parecer_decont": "015/DAIA/GTH/2020",
        "dt_publicacao_diario_oficial": "2020-11-05Z",
        "tx_link_diario_oficial": "https://www.imprensaoficial.com.br/Certificacao/Certificador.aspx?link=%2f2020%2fdiario%2520oficial%2520cidade%2520de%2520sao%2520paulo%2fnovembro%2f06%2fpag_0032_2072a76e7283c7cea282e21e785a88f6.pdf&pagina=32&data=06/11/2020&caderno=Di%C3%A1rio%20Oficial%20Cidade%20de%20S%C3%A3o%20Paulo",
        "st_deferimento_processo_administrativo": "Deferido",
        "qt_ciclo_vespertino": 0,
        "qt_ciclo_diurno": 2,
        "qt_total_ciclo_permitido": 2,
        "tx_observacao_heliponto": "Os valores de ciclos excluem todavia as situações do exceção quando de eventuais atendimentos á emergências de sentido exclusivamente médico-hospitalar"
      }
    },
    {
      "type": "Feature",
      "id": "heliponto.13688",
      "geometry": {
        "type": "Point",
        "coordinates": [
          326532.9535,
          7388264.0654
        ]
      },
      "geometry_name": "ge_ponto",
      "properties": {
        "cd_identificador_heliponto": 13688,
        "cd_processo_administrativo_heliponto": "2018-0.097.242-0",
        "nm_empreendimento_heliponto": "Heliponto Cidade Jardim",
        "tp_logradouro_heliponto": "Avenida",
        "nm_logradouro_heliponto": "Magalhães de Castro",
        "nr_endereco_heliponto": 6070,
        "nr_complementar_endereco_heliponto": null,
        "tx_complementar_endereco_heliponto": "",
        "nm_distrito_municipal": "MORUMBI",
        "tx_endereco_heliponto": null,
        "cd_parecer_tecnico": "011/CADES/2020",
        "cd_parecer_decont": "005/DAIA/GTH/2020",
        "dt_publicacao_diario_oficial": "2020-07-29Z",
        "tx_link_diario_oficial": "https://www.imprensaoficial.com.br/Certificacao/Certificador.aspx?link=%2f2020%2fdiario%2520oficial%2520cidade%2520de%2520sao%2520paulo%2fjulho%2f30%2fpag_0031_b970e2f1da464bb5b9033c5acac822b0.pdf&pagina=31&data=30/07/2020&caderno=Di%C3%A1rio%20Oficial%20Cidade%20de%20S%C3%A3o%20Paulo",
        "st_deferimento_processo_administrativo": "Deferido",
        "qt_ciclo_vespertino": 0,
        "qt_ciclo_diurno": 2,
        "qt_total_ciclo_permitido": 2,
        "tx_observacao_heliponto": "No D.O.C e no Parecer: \"02 (Seis) ciclos das 7h Às 19h\""
      }
    },
    {
      "type": "Feature",
      "id": "heliponto.13689",
      "geometry": {
        "type": "Point",
        "coordinates": [
          331593.2982,
          7389096.7393
        ]
      },
      "geometry_name": "ge_ponto",
      "properties": {
        "cd_identificador_heliponto": 13689,
        "cd_processo_administrativo_heliponto": "6027.2019/0008864-2",
        "nm_empreendimento_heliponto": "Hospital H 23 de Maio",
        "tp_logradouro_heliponto": "Avenida",
        "nm_logradouro_heliponto": "Professor Ascendino Reis",
        "nr_endereco_heliponto": null,
        "nr_complementar_endereco_heliponto": null,
        "tx_complementar_endereco_heliponto": null,
        "nm_distrito_municipal": "SAUDE",
        "tx_endereco_heliponto": null,
        "cd_parecer_tecnico": "022/CADES/2020",
        "cd_parecer_decont": "015/DAIA/GTH/2020",
        "dt_publicacao_diario_oficial": "2020-11-05Z",
        "tx_link_diario_oficial": "https://www.imprensaoficial.com.br/Certificacao/Certificador.aspx?link=%2f2020%2fdiario%2520oficial%2520cidade%2520de%2520sao%2520paulo%2fnovembro%2f06%2fpag_0032_2072a76e7283c7cea282e21e785a88f6.pdf&pagina=32&data=06/11/2020&caderno=Di%C3%A1rio%20Oficial%20Cidade%20de%20S%C3%A3o%20Paulo",
        "st_deferimento_processo_administrativo": "Deferido",
        "qt_ciclo_vespertino": 1,
        "qt_ciclo_diurno": 6,
        "qt_total_ciclo_permitido": 7,
        "tx_observacao_heliponto": null
      }
    },
    {
      "type": "Feature",
      "id": "heliponto.13690",
      "geometry": {
        "type": "Point",
        "coordinates": [
          326265.5364,
          7392858.3743
        ]
      },
      "geometry_name": "ge_ponto",
      "properties": {
        "cd_identificador_heliponto": 13690,
        "cd_processo_administrativo_heliponto": "6027.2019/0002747-3",
        "nm_empreendimento_heliponto": "Heliponto Birmann 21",
        "tp_logradouro_heliponto": "Avenida",
        "nm_logradouro_heliponto": "Doutora Ruth Cardoso",
        "nr_endereco_heliponto": 7221,
        "nr_complementar_endereco_heliponto": null,
        "tx_complementar_endereco_heliponto": null,
        "nm_distrito_municipal": "PINHEIROS",
        "tx_endereco_heliponto": "SDNN",
        "cd_parecer_tecnico": "006/CADES/2020",
        "cd_parecer_decont": "001/DAIA/GTH/2020",
        "dt_publicacao_diario_oficial": "2020-07-29Z",
        "tx_link_diario_oficial": "https://www.imprensaoficial.com.br/Certificacao/Certificador.aspx?link=%2f2020%2fdiario%2520oficial%2520cidade%2520de%2520sao%2520paulo%2fjulho%2f30%2fpag_0032_4bfec82b3328cd107598297b2f459c4b.pdf&pagina=32&data=30/07/2020&caderno=Di%C3%A1rio%20Oficial%20Cidade%20de%20S%C3%A3o%20Paulo",
        "st_deferimento_processo_administrativo": "Deferido",
        "qt_ciclo_vespertino": 0,
        "qt_ciclo_diurno": 6,
        "qt_total_ciclo_permitido": 6,
        "tx_observacao_heliponto": null
      }
    },
    {
      "type": "Feature",
      "id": "heliponto.13691",
      "geometry": {
        "type": "Point",
        "coordinates": [
          334465.3748,
          7389301.2612
        ]
      },
      "geometry_name": "ge_ponto",
      "properties": {
        "cd_identificador_heliponto": 13691,
        "cd_processo_administrativo_heliponto": "6027.2020/0011002-0",
        "nm_empreendimento_heliponto": "Heliponto Divena",
        "tp_logradouro_heliponto": "Avenida",
        "nm_logradouro_heliponto": "Doutor Ricardo Jafet",
        "nr_endereco_heliponto": 2419,
        "nr_complementar_endereco_heliponto": null,
        "tx_complementar_endereco_heliponto": null,
        "nm_distrito_municipal": "CURSINO",
        "tx_endereco_heliponto": "SIHD",
        "cd_parecer_tecnico": "026/CADES/2020",
        "cd_parecer_decont": "018/DAIA/GTH/2020",
        "dt_publicacao_diario_oficial": "2020-11-05Z",
        "tx_link_diario_oficial": "https://www.imprensaoficial.com.br/Certificacao/Certificador.aspx?link=%2f2020%2fdiario%2520oficial%2520cidade%2520de%2520sao%2520paulo%2fnovembro%2f06%2fpag_0032_2072a76e7283c7cea282e21e785a88f6.pdf&pagina=32&data=06/11/2020&caderno=Di%C3%A1rio%20Oficial%20Cidade%20de%20S%C3%A3o%20Paulo",
        "st_deferimento_processo_administrativo": "Deferido",
        "qt_ciclo_vespertino": 0,
        "qt_ciclo_diurno": 2,
        "qt_total_ciclo_permitido": 2,
        "tx_observacao_heliponto": null
      }
    },
    {
      "type": "Feature",
      "id": "heliponto.13692",
      "geometry": {
        "type": "Point",
        "coordinates": [
          326670.6566,
          7387136.856
        ]
      },
      "geometry_name": "ge_ponto",
      "properties": {
        "cd_identificador_heliponto": 13692,
        "cd_processo_administrativo_heliponto": "6027.2020/0009659-0",
        "nm_empreendimento_heliponto": "Heliponto Represa",
        "tp_logradouro_heliponto": "Avenida",
        "nm_logradouro_heliponto": "Chucri Zaidan",
        "nr_endereco_heliponto": 246,
        "nr_complementar_endereco_heliponto": null,
        "tx_complementar_endereco_heliponto": null,
        "nm_distrito_municipal": "ITAIM BIBI",
        "tx_endereco_heliponto": "SIGZ",
        "cd_parecer_tecnico": "025/CADES/2020",
        "cd_parecer_decont": "012/DAIA/GTH/2020",
        "dt_publicacao_diario_oficial": "2020-11-05Z",
        "tx_link_diario_oficial": "https://www.imprensaoficial.com.br/Certificacao/Certificador.aspx?link=%2f2020%2fdiario%2520oficial%2520cidade%2520de%2520sao%2520paulo%2fnovembro%2f06%2fpag_0032_2072a76e7283c7cea282e21e785a88f6.pdf&pagina=32&data=06/11/2020&caderno=Di%C3%A1rio%20Oficial%20Cidade%20de%20S%C3%A3o%20Paulo",
        "st_deferimento_processo_administrativo": "Deferido",
        "qt_ciclo_vespertino": 2,
        "qt_ciclo_diurno": 10,
        "qt_total_ciclo_permitido": 12,
        "tx_observacao_heliponto": null
      }
    },
    {
      "type": "Feature",
      "id": "heliponto.13693",
      "geometry": {
        "type": "Point",
        "coordinates": [
          326222.2147,
          7386266.5848
        ]
      },
      "geometry_name": "ge_ponto",
      "properties": {
        "cd_identificador_heliponto": 13693,
        "cd_processo_administrativo_heliponto": "2012-0.139.773-8",
        "nm_empreendimento_heliponto": "Heliponto Parque da Cidade Torre B3",
        "tp_logradouro_heliponto": "Rua",
        "nm_logradouro_heliponto": "Engenheiro Mesquita Sampaio",
        "nr_endereco_heliponto": 782,
        "nr_complementar_endereco_heliponto": null,
        "tx_complementar_endereco_heliponto": null,
        "nm_distrito_municipal": "SANTO AMARO",
        "tx_endereco_heliponto": "",
        "cd_parecer_tecnico": "019/CADES/2020",
        "cd_parecer_decont": "010/DAIA/GTH/2020",
        "dt_publicacao_diario_oficial": "2020-10-21Z",
        "tx_link_diario_oficial": "https://www.imprensaoficial.com.br/Certificacao/Certificador.aspx?link=%2f2020%2fdiario%2520oficial%2520cidade%2520de%2520sao%2520paulo%2foutubro%2f23%2fpag_0022_fac9866296c0d9ae317bcaa586f354ab.pdf&pagina=22&data=23/10/2020&caderno=Di%C3%A1rio%20Oficial%20Cidade%20de%20S%C3%A3o%20Paulo",
        "st_deferimento_processo_administrativo": "Deferido",
        "qt_ciclo_vespertino": 2,
        "qt_ciclo_diurno": 10,
        "qt_total_ciclo_permitido": 12,
        "tx_observacao_heliponto": null
      }
    },
    {
      "type": "Feature",
      "id": "heliponto.13694",
      "geometry": {
        "type": "Point",
        "coordinates": [
          326151.2614,
          7386253.8579
        ]
      },
      "geometry_name": "ge_ponto",
      "properties": {
        "cd_identificador_heliponto": 13694,
        "cd_processo_administrativo_heliponto": "2013.0.060.751-0",
        "nm_empreendimento_heliponto": "Heliponto Parque da Cidade Torre B2",
        "tp_logradouro_heliponto": "Rua",
        "nm_logradouro_heliponto": "Engenheiro Mesquita Sampaio",
        "nr_endereco_heliponto": 782,
        "nr_complementar_endereco_heliponto": null,
        "tx_complementar_endereco_heliponto": null,
        "nm_distrito_municipal": "SANTO AMARO",
        "tx_endereco_heliponto": "",
        "cd_parecer_tecnico": "020/CADES/2020",
        "cd_parecer_decont": "009/DAIA/GTH/2020",
        "dt_publicacao_diario_oficial": "2020-10-22Z",
        "tx_link_diario_oficial": "https://www.imprensaoficial.com.br/Certificacao/Certificador.aspx?link=%2f2020%2fdiario%2520oficial%2520cidade%2520de%2520sao%2520paulo%2foutubro%2f23%2fpag_0022_fac9866296c0d9ae317bcaa586f354ab.pdf&pagina=22&data=23/10/2020&caderno=Di%C3%A1rio%20Oficial%20Cidade%20de%20S%C3%A3o%20Paulo",
        "st_deferimento_processo_administrativo": "Deferido",
        "qt_ciclo_vespertino": 2,
        "qt_ciclo_diurno": 9,
        "qt_total_ciclo_permitido": 11,
        "tx_observacao_heliponto": "Publicado errata no DOC de 27/11/2020 corrigindo número do Parecer CLA"
      }
    },
    {
      "type": "Feature",
      "id": "heliponto.13695",
      "geometry": {
        "type": "Point",
        "coordinates": [
          326075.4778,
          7386244.7496
        ]
      },
      "geometry_name": "ge_ponto",
      "properties": {
        "cd_identificador_heliponto": 13695,
        "cd_processo_administrativo_heliponto": "2012.0.139.755-0",
        "nm_empreendimento_heliponto": "Heliponto Parque da Cidade Torre B1",
        "tp_logradouro_heliponto": "Rua",
        "nm_logradouro_heliponto": "Engenheiro Mesquita Sampaio",
        "nr_endereco_heliponto": 782,
        "nr_complementar_endereco_heliponto": null,
        "tx_complementar_endereco_heliponto": null,
        "nm_distrito_municipal": "SANTO AMARO",
        "tx_endereco_heliponto": "",
        "cd_parecer_tecnico": "018/CADES/2020",
        "cd_parecer_decont": "008/DAIA/GTH/2020",
        "dt_publicacao_diario_oficial": "2020-10-22Z",
        "tx_link_diario_oficial": "https://www.imprensaoficial.com.br/Certificacao/Certificador.aspx?link=%2f2020%2fdiario%2520oficial%2520cidade%2520de%2520sao%2520paulo%2foutubro%2f23%2fpag_0021_a37b059974088b8447ddb81e50faba93.pdf&pagina=21&data=23/10/2020&caderno=Di%C3%A1rio%20Oficial%20Cidade%20de%20S%C3%A3o%20Paulo",
        "st_deferimento_processo_administrativo": "Deferido",
        "qt_ciclo_vespertino": 2,
        "qt_ciclo_diurno": 10,
        "qt_total_ciclo_permitido": 12,
        "tx_observacao_heliponto": "Publicado errata no DOC de 27/11/2020 corrigindo número do Parecer CLA"
      }
    },
    {
      "type": "Feature",
      "id": "heliponto.13696",
      "geometry": {
        "type": "Point",
        "coordinates": [
          331421.058,
          7392825.1851
        ]
      },
      "geometry_name": "ge_ponto",
      "properties": {
        "cd_identificador_heliponto": 13696,
        "cd_processo_administrativo_heliponto": "6027.2019/0002920-4",
        "nm_empreendimento_heliponto": "Heliponto Privado CYK",
        "tp_logradouro_heliponto": "Alameda",
        "nm_logradouro_heliponto": "Santos",
        "nr_endereco_heliponto": 960,
        "nr_complementar_endereco_heliponto": null,
        "tx_complementar_endereco_heliponto": null,
        "nm_distrito_municipal": "JARDIM PAULISTA",
        "tx_endereco_heliponto": "SDWB",
        "cd_parecer_tecnico": "024/CADES/2020",
        "cd_parecer_decont": "011/DAIA/GTH/2020",
        "dt_publicacao_diario_oficial": "2020-11-05Z",
        "tx_link_diario_oficial": "https://www.imprensaoficial.com.br/Certificacao/Certificador.aspx?link=%2f2020%2fdiario%2520oficial%2520cidade%2520de%2520sao%2520paulo%2fnovembro%2f06%2fpag_0032_2072a76e7283c7cea282e21e785a88f6.pdf&pagina=32&data=06/11/2020&caderno=Di%C3%A1rio%20Oficial%20Cidade%20de%20S%C3%A3o%20Paulo",
        "st_deferimento_processo_administrativo": "Deferido",
        "qt_ciclo_vespertino": 0,
        "qt_ciclo_diurno": 2,
        "qt_total_ciclo_permitido": 2,
        "tx_observacao_heliponto": null
      }
    }
  ],
  "totalFeatures": 201,
  "numberMatched": 201,
  "numberReturned": 201,
  "timeStamp": "2026-02-05T23:00:48.522Z",
  "crs": {
    "type": "name",
    "properties": {
      "name": "urn:ogc:def:crs:EPSG::31983"
    }
  }
}